freq,psd_x,psd_y,psd_z,psd_xyz
1.0,14744.6,1474.5,737.2,16219.0
1.1,14822.2,1482.2,741.1,16304.4
1.2,14900.4,1490.0,745.0,16390.5
1.3,14979.3,1497.9,749.0,16477.2
1.4,15058.7,1505.9,752.9,16564.6
1.5,15138.8,1513.9,756.9,16652.7
1.6,15219.5,1522.0,761.0,16741.5
1.7,15300.9,1530.1,765.0,16831.0
1.8,15382.9,1538.3,769.1,16921.2
1.9,15465.5,1546.6,773.3,17012.1
2.0,15548.8,1554.9,777.4,17103.7
2.1,15632.8,1563.3,781.6,17196.1
2.2,15717.4,1571.7,785.9,17289.2
2.3,15802.7,1580.3,790.1,17383.0
2.4,15888.7,1588.9,794.4,17477.6
2.5,15975.4,1597.5,798.8,17572.9
2.6,16062.8,1606.3,803.1,17669.1
2.7,16150.9,1615.1,807.5,17766.0
2.8,16239.7,1624.0,812.0,17863.6
2.9,16329.2,1632.9,816.5,17962.1
3.0,16419.5,1641.9,821.0,18061.4
3.1,16510.4,1651.0,825.5,18161.5
3.2,16602.2,1660.2,830.1,18262.4
3.3,16694.7,1669.5,834.7,18364.2
3.4,16787.9,1678.8,839.4,18466.7
3.5,16882.0,1688.2,844.1,18570.2
3.6,16976.8,1697.7,848.8,18674.5
3.7,17072.4,1707.2,853.6,18779.6
3.8,17168.8,1716.9,858.4,18885.7
3.9,17266.0,1726.6,863.3,18992.6
4.0,17364.0,1736.4,868.2,19100.4
4.1,17462.9,1746.3,873.1,19209.2
4.2,17562.5,1756.3,878.1,19318.8
4.3,17663.1,1766.3,883.2,19429.4
4.4,17764.5,1776.4,888.2,19540.9
4.5,17866.7,1786.7,893.3,19653.4
4.6,17969.8,1797.0,898.5,19766.8
4.7,18073.8,1807.4,903.7,19881.2
4.8,18178.7,1817.9,908.9,19996.6
4.9,18284.5,1828.4,914.2,20112.9
5.0,18391.2,1839.1,919.6,20230.3
5.1,18498.8,1849.9,924.9,20348.7
5.2,18607.4,1860.7,930.4,20468.1
5.3,18716.9,1871.7,935.8,20588.6
5.4,18827.4,1882.7,941.4,20710.1
5.5,18938.8,1893.9,946.9,20832.7
5.6,19051.3,1905.1,952.6,20956.4
5.7,19164.7,1916.5,958.2,21081.1
5.8,19279.1,1927.9,964.0,21207.0
5.9,19394.5,1939.5,969.7,21334.0
6.0,19511.0,1951.1,975.5,21462.1
6.1,19628.5,1962.8,981.4,21591.3
6.2,19747.0,1974.7,987.4,21721.7
6.3,19866.7,1986.7,993.3,21853.3
6.4,19987.4,1998.7,999.4,21986.1
6.5,20109.1,2010.9,1005.5,22120.1
6.6,20232.0,2023.2,1011.6,22255.2
6.7,20356.0,2035.6,1017.8,22391.6
6.8,20481.2,2048.1,1024.1,22529.3
6.9,20607.5,2060.7,1030.4,22668.2
7.0,20734.9,2073.5,1036.7,22808.4
7.1,20863.5,2086.4,1043.2,22949.9
7.2,20993.3,2099.3,1049.7,23092.6
7.3,21124.3,2112.4,1056.2,23236.8
7.4,21256.5,2125.7,1062.8,23382.2
7.5,21390.0,2139.0,1069.5,23529.0
7.6,21524.7,2152.5,1076.2,23677.2
7.7,21660.7,2166.1,1083.0,23826.7
7.8,21797.9,2179.8,1089.9,23977.7
7.9,21936.4,2193.6,1096.8,24130.1
8.0,22076.3,2207.6,1103.8,24283.9
8.1,22217.5,2221.7,1110.9,24439.2
8.2,22360.0,2236.0,1118.0,24596.0
8.3,22503.9,2250.4,1125.2,24754.3
8.4,22649.1,2264.9,1132.5,24914.1
8.5,22795.8,2279.6,1139.8,25075.4
8.6,22943.9,2294.4,1147.2,25238.3
8.7,23093.4,2309.3,1154.7,25402.7
8.8,23244.4,2324.4,1162.2,25568.8
8.9,23396.8,2339.7,1169.8,25736.5
9.0,23550.7,2355.1,1177.5,25905.8
9.1,23706.2,2370.6,1185.3,26076.8
9.2,23863.1,2386.3,1193.2,26249.4
9.3,24021.6,2402.2,1201.1,26423.8
9.4,24181.7,2418.2,1209.1,26599.9
9.5,24343.4,2434.3,1217.2,26777.7
9.6,24506.7,2450.7,1225.3,26957.4
9.7,24671.6,2467.2,1233.6,27138.8
9.8,24838.2,2483.8,1241.9,27322.0
9.9,25006.4,2500.6,1250.3,27507.1
10.0,25176.4,2517.6,1258.8,27694.0
10.1,25348.1,2534.8,1267.4,27882.9
10.2,25521.5,2552.1,1276.1,28073.6
10.3,25696.7,2569.7,1284.8,28266.3
10.4,25873.7,2587.4,1293.7,28461.0
10.5,26052.5,2605.2,1302.6,28657.7
10.6,26233.1,2623.3,1311.7,28856.4
10.7,26415.6,2641.6,1320.8,29057.2
10.8,26600.0,2660.0,1330.0,29260.0
10.9,26786.4,2678.6,1339.3,29465.0
11.0,26974.6,2697.5,1348.7,29672.1
11.1,27164.9,2716.5,1358.2,29881.4
11.2,27357.2,2735.7,1367.9,30092.9
11.3,27551.4,2755.1,1377.6,30306.6
11.4,27747.8,2774.8,1387.4,30522.6
11.5,27946.2,2794.6,1397.3,30740.8
11.6,28146.8,2814.7,1407.3,30961.4
11.7,28349.5,2834.9,1417.5,31184.4
11.8,28554.3,2855.4,1427.7,31409.8
11.9,28761.4,2876.1,1438.1,31637.6
12.0,28970.7,2897.1,1448.5,31867.8
12.1,29182.3,2918.2,1459.1,32100.6
12.2,29396.3,2939.6,1469.8,32335.9
12.3,29612.5,2961.2,1480.6,32573.7
12.4,29831.1,2983.1,1491.6,32814.2
12.5,30052.1,3005.2,1502.6,33057.4
12.6,30275.6,3027.6,1513.8,33303.2
12.7,30501.6,3050.2,1525.1,33551.7
12.8,30730.0,3073.0,1536.5,33803.0
12.9,30961.1,3096.1,1548.1,34057.2
13.0,31194.7,3119.5,1559.7,34314.1
13.1,31430.9,3143.1,1571.5,34574.0
13.2,31669.8,3167.0,1583.5,34836.8
13.3,31911.4,3191.1,1595.6,35102.6
13.4,32155.8,3215.6,1607.8,35371.4
13.5,32403.0,3240.3,1620.1,35643.3
13.6,32653.0,3265.3,1632.6,35918.3
13.7,32905.8,3290.6,1645.3,36196.4
13.8,33161.6,3316.2,1658.1,36477.8
13.9,33420.4,3342.0,1671.0,36762.4
14.0,33682.2,3368.2,1684.1,37050.4
14.1,33947.0,3394.7,1697.4,37341.7
14.2,34214.9,3421.5,1710.7,37636.4
14.3,34486.0,3448.6,1724.3,37934.6
14.4,34760.3,3476.0,1738.0,38236.4
14.5,35037.9,3503.8,1751.9,38541.7
14.6,35318.7,3531.9,1765.9,38850.6
14.7,35602.9,3560.3,1780.1,39163.2
14.8,35890.6,3589.1,1794.5,39479.6
14.9,36181.7,3618.2,1809.1,39799.8
15.0,36476.3,3647.6,1823.8,40123.9
15.1,36774.4,3677.4,1838.7,40451.9
15.2,37076.3,3707.6,1853.8,40783.9
15.3,37381.8,3738.2,1869.1,41119.9
15.4,37691.0,3769.1,1884.6,41460.1
15.5,38004.1,3800.4,1900.2,41804.5
15.6,38321.0,3832.1,1916.1,42153.1
15.7,38641.9,3864.2,1932.1,42506.1
15.8,38966.8,3896.7,1948.3,42863.5
15.9,39295.8,3929.6,1964.8,43225.3
16.0,39628.9,3962.9,1981.4,43591.7
16.1,39966.2,3996.6,1998.3,43962.8
16.2,40307.7,4030.8,2015.4,44338.5
16.3,40653.7,4065.4,2032.7,44719.0
16.4,41004.0,4100.4,2050.2,45104.4
16.5,41358.8,4135.9,2067.9,45494.7
16.6,41718.2,4171.8,2085.9,45890.1
16.7,42082.3,4208.2,2104.1,46290.5
16.8,42451.1,4245.1,2122.6,46696.2
16.9,42824.7,4282.5,2141.2,47107.2
17.0,43203.2,4320.3,2160.2,47523.5
17.1,43586.6,4358.7,2179.3,47945.3
17.2,43975.2,4397.5,2198.8,48372.7
17.3,44368.8,4436.9,2218.4,48805.7
17.4,44767.8,4476.8,2238.4,49244.5
17.5,45172.0,4517.2,2258.6,49689.2
17.6,45581.7,4558.2,2279.1,50139.9
17.7,45996.9,4599.7,2299.8,50596.6
17.8,46417.7,4641.8,2320.9,51059.5
17.9,46844.3,4684.4,2342.2,51528.7
18.0,47276.7,4727.7,2363.8,52004.3
18.1,47715.0,4771.5,2385.7,52486.4
18.2,48159.3,4815.9,2408.0,52975.2
18.3,48609.8,4861.0,2430.5,53470.7
18.4,49066.5,4906.7,2453.3,53973.2
18.5,49529.6,4953.0,2476.5,54482.6
18.6,49999.2,4999.9,2500.0,54999.1
18.7,50475.4,5047.5,2523.8,55523.0
18.8,50958.3,5095.8,2547.9,56054.2
18.9,51448.1,5144.8,2572.4,56592.9
19.0,51944.9,5194.5,2597.2,57139.4
19.1,52448.8,5244.9,2622.4,57693.7
19.2,52959.9,5296.0,2648.0,58255.9
19.3,53478.4,5347.8,2673.9,58826.3
19.4,54004.5,5400.4,2700.2,59404.9
19.5,54538.2,5453.8,2726.9,59992.0
19.6,55079.7,5508.0,2754.0,60587.6
19.7,55629.1,5562.9,2781.5,61192.1
19.8,56186.7,5618.7,2809.3,61805.4
19.9,56752.6,5675.3,2837.6,62427.8
20.0,57326.9,5732.7,2866.3,63059.6
20.1,57909.8,5791.0,2895.5,63700.8
20.2,58501.4,5850.1,2925.1,64351.6
20.3,59102.0,5910.2,2955.1,65012.2
20.4,59711.7,5971.2,2985.6,65682.9
20.5,60330.7,6033.1,3016.5,66363.8
20.6,60959.2,6095.9,3048.0,67055.1
20.7,61597.4,6159.7,3079.9,67757.1
20.8,62245.4,6224.5,3112.3,68469.9
20.9,62903.5,6290.3,3145.2,69193.8
21.0,63571.8,6357.2,3178.6,69929.0
21.1,64250.6,6425.1,3212.5,70675.7
21.2,64940.1,6494.0,3247.0,71434.2
21.3,65640.6,6564.1,3282.0,72204.6
21.4,66352.1,6635.2,3317.6,72987.3
21.5,67075.0,6707.5,3353.8,73782.5
21.6,67809.5,6781.0,3390.5,74590.5
21.7,68555.9,6855.6,3427.8,75411.5
21.8,69314.3,6931.4,3465.7,76245.8
21.9,70085.1,7008.5,3504.3,77093.6
22.0,70868.5,7086.9,3543.4,77955.4
22.1,71664.8,7166.5,3583.2,78831.3
22.2,72474.2,7247.4,3623.7,79721.6
22.3,73297.0,7329.7,3664.9,80626.7
22.4,74133.6,7413.4,3706.7,81546.9
22.5,74984.1,7498.4,3749.2,82482.6
22.6,75849.0,7584.9,3792.5,83433.9
22.7,76728.5,7672.9,3836.4,84401.4
22.8,77623.0,7762.3,3881.1,85385.3
22.9,78532.7,7853.3,3926.6,86386.0
23.0,79458.0,7945.8,3972.9,87403.8
23.1,80399.3,8039.9,4020.0,88439.2
23.2,81356.9,8135.7,4067.8,89492.6
23.3,82331.2,8233.1,4116.6,90564.3
23.4,83322.5,8332.3,4166.1,91654.8
23.5,84331.3,8433.1,4216.6,92764.4
23.6,85357.9,8535.8,4267.9,93893.7
23.7,86402.7,8640.3,4320.1,95043.0
23.8,87466.2,8746.6,4373.3,96212.8
23.9,88548.7,8854.9,4427.4,97403.6
24.0,89650.8,8965.1,4482.5,98615.8
24.1,90772.8,9077.3,4538.6,99850.1
24.2,91915.2,9191.5,4595.8,101106.8
24.3,93078.6,9307.9,4653.9,102386.5
24.4,94263.3,9426.3,4713.2,103689.7
24.5,95470.0,9547.0,4773.5,105017.0
24.6,96699.0,9669.9,4835.0,106368.9
24.7,97951.0,9795.1,4897.6,107746.1
24.8,99226.5,9922.6,4961.3,109149.1
24.9,100526.0,10052.6,5026.3,110578.6
25.0,101850.2,10185.0,5092.5,112035.2
25.1,103199.5,10320.0,5160.0,113519.5
25.2,104574.7,10457.5,5228.7,115032.2
25.3,105976.3,10597.6,5298.8,116574.0
25.4,107405.1,10740.5,5370.3,118145.6
25.5,108861.5,10886.2,5443.1,119747.7
25.6,110346.5,11034.6,5517.3,121381.1
25.7,111860.5,11186.1,5593.0,123046.6
25.8,113404.4,11340.4,5670.2,124744.9
25.9,114978.9,11497.9,5748.9,126476.8
26.0,116584.8,11658.5,5829.2,128243.3
26.1,118222.8,11822.3,5911.1,130045.1
26.2,119893.8,11989.4,5994.7,131883.1
26.3,121598.5,12159.8,6079.9,133758.3
26.4,123337.8,12333.8,6166.9,135671.6
26.5,125112.7,12511.3,6255.6,137624.0
26.6,126924.0,12692.4,6346.2,139616.4
26.7,128772.6,12877.3,6438.6,141649.9
26.8,130659.5,13066.0,6533.0,143725.5
26.9,132585.7,13258.6,6629.3,145844.3
27.0,134552.2,13455.2,6727.6,148007.4
27.1,136560.0,13656.0,6828.0,150216.0
27.2,138610.2,13861.0,6930.5,152471.2
27.3,140703.9,14070.4,7035.2,154774.3
27.4,142842.2,14284.2,7142.1,157126.4
27.5,145026.3,14502.6,7251.3,159528.9
27.6,147257.4,14725.7,7362.9,161983.2
27.7,149536.8,14953.7,7476.8,164490.4
27.8,151865.6,15186.6,7593.3,167052.1
27.9,154245.2,15424.5,7712.3,169669.7
28.0,156676.9,15667.7,7833.8,172344.6
28.1,159162.2,15916.2,7958.1,175078.4
28.2,161702.4,16170.2,8085.1,177872.6
28.3,164298.9,16429.9,8214.9,180728.8
28.4,166953.4,16695.3,8347.7,183648.7
28.5,169667.2,16966.7,8483.4,186634.0
28.6,172442.1,17244.2,8622.1,189686.3
28.7,175279.6,17528.0,8764.0,192807.5
28.8,178181.3,17818.1,8909.1,195999.4
28.9,181149.0,18114.9,9057.5,199263.9
29.0,184184.5,18418.4,9209.2,202602.9
29.1,187289.5,18728.9,9364.5,206018.4
29.2,190465.9,19046.6,9523.3,209512.5
29.3,193715.6,19371.6,9685.8,213087.1
29.4,197040.5,19704.0,9852.0,216744.5
29.5,200442.6,20044.3,10022.1,220486.9
29.6,203924.0,20392.4,10196.2,224316.4
29.7,207486.7,20748.7,10374.3,228235.4
29.8,211132.9,21113.3,10556.6,232246.1
29.9,214864.7,21486.5,10743.2,236351.1
30.0,218684.3,21868.4,10934.2,240552.8
30.1,222594.2,22259.4,11129.7,244853.6
30.2,226596.5,22659.6,11329.8,249256.1
30.3,230693.6,23069.4,11534.7,253762.9
30.4,234888.0,23488.8,11744.4,258376.7
30.5,239182.0,23918.2,11959.1,263100.2
30.6,243578.3,24357.8,12178.9,267936.1
30.7,248079.2,24807.9,12404.0,272887.1
30.8,252687.4,25268.7,12634.4,277956.2
30.9,257405.6,25740.6,12870.3,283146.1
31.0,262236.2,26223.6,13111.8,288459.8
31.1,267181.9,26718.2,13359.1,293900.1
31.2,272245.5,27224.6,13612.3,299470.1
31.3,277429.6,27743.0,13871.5,305172.6
31.4,282736.9,28273.7,14136.8,311010.6
31.5,288170.1,28817.0,14408.5,316987.1
31.6,293731.9,29373.2,14686.6,323105.1
31.7,299424.9,29942.5,14971.2,329367.4
31.8,305251.9,30525.2,15262.6,335777.1
31.9,311215.3,31121.5,15560.8,342336.9
32.0,317317.9,31731.8,15865.9,349049.6
32.1,323562.0,32356.2,16178.1,355918.2
32.2,329950.1,32995.0,16497.5,362945.1
32.3,336484.6,33648.5,16824.2,370133.0
32.4,343167.6,34316.8,17158.4,377484.4
32.5,350001.3,35000.1,17500.1,385001.5
32.6,356987.7,35698.8,17849.4,392686.5
32.7,364128.5,36412.9,18206.4,400541.4
32.8,371425.3,37142.5,18571.3,408567.9
32.9,378879.5,37888.0,18944.0,416767.5
33.0,386492.3,38649.2,19324.6,425141.5
33.1,394264.3,39426.4,19713.2,433690.8
33.2,402196.3,40219.6,20109.8,442415.9
33.3,410288.3,41028.8,20514.4,451317.2
33.4,418540.2,41854.0,20927.0,460394.3
33.5,426951.4,42695.1,21347.6,469646.5
33.6,435520.7,43552.1,21776.0,479072.7
33.7,444246.5,44424.7,22212.3,488671.2
33.8,453126.8,45312.7,22656.3,498439.5
33.9,462158.7,46215.9,23107.9,508374.6
34.0,471338.8,47133.9,23566.9,518472.7
34.1,480663.0,48066.3,24033.2,528729.4
34.2,490126.5,49012.6,24506.3,539139.1
34.3,499723.5,49972.3,24986.2,549695.8
34.4,509447.4,50944.7,25472.4,560392.2
34.5,519290.9,51929.1,25964.5,571219.9
34.6,529245.3,52924.5,26462.3,582169.9
34.7,539301.3,53930.1,26965.1,593231.4
34.8,549448.3,54944.8,27472.4,604393.1
34.9,559674.5,55967.4,27983.7,615641.9
35.0,569967.1,56996.7,28498.4,626963.8
35.1,580312.0,58031.2,29015.6,638343.2
35.2,590693.9,59069.4,29534.7,649763.3
35.3,601096.2,60109.6,30054.8,661205.8
35.4,611500.9,61150.1,30575.0,672651.0
35.5,621889.0,62188.9,31094.5,684077.9
35.6,632239.9,63224.0,31612.0,695463.9
35.7,642532.0,64253.2,32126.6,706785.1
35.8,652742.1,65274.2,32637.1,718016.3
35.9,662846.2,66284.6,33142.3,729130.8
36.0,672818.9,67281.9,33640.9,740100.8
36.1,682634.0,68263.4,34131.7,750897.4
36.2,692264.0,69226.4,34613.2,761490.4
36.3,701680.9,70168.1,35084.0,771849.0
36.4,710855.9,71085.6,35542.8,781941.5
36.5,719759.7,71976.0,35988.0,791735.7
36.6,728362.5,72836.2,36418.1,801198.7
36.7,736634.5,73663.4,36831.7,810297.9
36.8,744545.9,74454.6,37227.3,819000.5
36.9,752067.2,75206.7,37603.4,827274.0
37.0,759169.5,75917.0,37958.5,835086.5
37.1,765824.5,76582.5,38291.2,842407.0
37.2,772005.0,77200.5,38600.3,849205.5
37.3,777685.2,77768.5,38884.3,855453.7
37.4,782840.6,78284.1,39142.0,861124.6
37.5,787448.6,78744.9,39372.4,866193.5
37.6,791488.7,79148.9,39574.4,870637.6
37.7,794942.6,79494.3,39747.1,874436.8
37.8,797794.3,79779.4,39889.7,877573.7
37.9,800030.6,80003.1,40001.5,880033.7
38.0,801641.1,80164.1,40082.1,881805.2
38.1,802618.1,80261.8,40130.9,882879.9
38.2,802957.1,80295.7,40147.9,883252.8
38.3,802656.6,80265.7,40132.8,882922.2
38.4,801718.0,80171.8,40085.9,881889.9
38.5,800146.1,80014.6,40007.3,880160.7
38.6,797948.3,79794.8,39897.4,877743.1
38.7,795135.1,79513.5,39756.8,874648.6
38.8,791719.8,79172.0,39586.0,870891.8
38.9,787718.3,78771.8,39385.9,866490.2
39.0,783148.9,78314.9,39157.4,861463.8
39.1,778032.3,77803.2,38901.6,855835.5
39.2,772390.9,77239.1,38619.5,849629.9
39.3,766249.1,76624.9,38312.5,842874.1
39.4,759633.0,75963.3,37981.7,835596.3
39.5,752569.7,75257.0,37628.5,827826.7
39.6,745087.4,74508.7,37254.4,819596.1
39.7,737215.1,73721.5,36860.8,810936.6
39.8,728982.3,72898.2,36449.1,801880.5
39.9,720418.8,72041.9,36020.9,792460.6
40.0,711554.4,71155.4,35577.7,782709.9
40.1,702418.9,70241.9,35120.9,772660.8
40.2,693041.6,69304.2,34652.1,762345.8
40.3,683451.3,68345.1,34172.6,751796.4
40.4,673676.1,67367.6,33683.8,741043.7
40.5,663743.4,66374.3,33187.2,730117.7
40.6,653679.4,65367.9,32684.0,719047.4
40.7,643509.6,64351.0,32175.5,707860.5
40.8,633258.0,63325.8,31662.9,696583.8
40.9,622947.6,62294.8,31147.4,685242.4
41.0,612600.3,61260.0,30630.0,673860.4
41.1,602236.5,60223.6,30111.8,662460.1
41.2,591875.3,59187.5,29593.8,651062.9
41.3,581534.7,58153.5,29076.7,639688.2
41.4,571231.3,57123.1,28561.6,628354.5
41.5,560980.4,56098.0,28049.0,617078.5
41.6,550796.1,55079.6,27539.8,605875.7
41.7,540691.3,54069.1,27034.6,594760.4
41.8,530677.6,53067.8,26533.9,583745.4
41.9,520765.7,52076.6,26038.3,572842.3
42.0,510965.1,51096.5,25548.3,562061.6
42.1,501284.2,50128.4,25064.2,551412.6
42.2,491730.6,49173.1,24586.5,540903.6
42.3,482310.7,48231.1,24115.5,530541.7
42.4,473030.3,47303.0,23651.5,520333.3
42.5,463894.3,46389.4,23194.7,510283.7
42.6,454906.8,45490.7,22745.3,500397.5
42.7,446071.2,44607.1,22303.6,490678.3
42.8,437390.4,43739.0,21869.5,481129.4
42.9,428866.4,42886.6,21443.3,471753.0
43.0,420500.8,42050.1,21025.0,462550.9
43.1,412294.9,41229.5,20614.7,453524.4
43.2,404249.2,40424.9,20212.5,444674.1
43.3,396363.8,39636.4,19818.2,436000.2
43.4,388638.8,38863.9,19431.9,427502.6
43.5,381073.4,38107.3,19053.7,419180.7
43.6,373666.9,37366.7,18683.3,411033.6
43.7,366418.2,36641.8,18320.9,403060.1
43.8,359326.0,35932.6,17966.3,395258.6
43.9,352388.5,35238.9,17619.4,387627.4
44.0,345604.1,34560.4,17280.2,380164.5
44.1,338970.8,33897.1,16948.5,372867.9
44.2,332486.6,33248.7,16624.3,365735.2
44.3,326149.1,32614.9,16307.5,358764.0
44.4,319956.1,31995.6,15997.8,351951.7
44.5,313905.2,31390.5,15695.3,345295.7
44.6,307993.8,30799.4,15399.7,338793.1
44.7,302219.4,30221.9,15111.0,332441.3
44.8,296579.4,29657.9,14829.0,326237.4
44.9,291071.2,29107.1,14553.6,320178.3
45.0,285692.1,28569.2,14284.6,314261.3
45.1,280439.5,28043.9,14022.0,308483.4
45.2,275310.6,27531.1,13765.5,302841.7
45.3,270302.8,27030.3,13515.1,297333.1
45.4,265413.4,26541.3,13270.7,291954.7
45.5,260639.7,26064.0,13032.0,286703.7
45.6,255979.2,25597.9,12799.0,281577.1
45.7,251429.2,25142.9,12571.5,276572.1
45.8,246987.1,24698.7,12349.4,271685.8
45.9,242650.4,24265.0,12132.5,266915.4
46.0,238416.5,23841.6,11920.8,262258.1
46.1,234283.0,23428.3,11714.1,257711.3
46.2,230247.4,23024.7,11512.4,253272.2
46.3,226307.5,22630.7,11315.4,248938.2
46.4,222460.7,22246.1,11123.0,244706.7
46.5,218704.8,21870.5,10935.2,240575.3
46.6,215037.6,21503.8,10751.9,236541.3
46.7,211456.8,21145.7,10572.8,232602.4
46.8,207960.2,20796.0,10398.0,228756.3
46.9,204545.9,20454.6,10227.3,225000.5
47.0,201211.6,20121.2,10060.6,221332.8
47.1,197955.5,19795.5,9897.8,217751.0
47.2,194775.4,19477.5,9738.8,214253.0
47.3,191669.6,19167.0,9583.5,210836.5
47.4,188636.1,18863.6,9431.8,207499.7
47.5,185673.0,18567.3,9283.7,204240.3
47.6,182778.7,18277.9,9138.9,201056.6
47.7,179951.5,17995.1,8997.6,197946.6
47.8,177189.5,17718.9,8859.5,194908.4
47.9,174491.1,17449.1,8724.6,191940.3
48.0,171854.9,17185.5,8592.7,189040.4
48.1,169279.2,16927.9,8464.0,186207.1
48.2,166762.5,16676.2,8338.1,183438.7
48.3,164303.3,16430.3,8215.2,180733.6
48.4,161900.3,16190.0,8095.0,178090.3
48.5,159551.9,15955.2,7977.6,175507.1
48.6,157257.0,15725.7,7862.9,172982.7
48.7,155014.1,15501.4,7750.7,170515.6
48.8,152822.1,15282.2,7641.1,168104.3
48.9,150679.6,15068.0,7534.0,165747.6
49.0,148585.5,14858.6,7429.3,163444.1
49.1,146538.6,14653.9,7326.9,161192.5
49.2,144537.8,14453.8,7226.9,158991.6
49.3,142581.9,14258.2,7129.1,156840.1
49.4,140670.0,14067.0,7033.5,154737.0
49.5,138801.0,13880.1,6940.1,152681.1
49.6,136973.9,13697.4,6848.7,150671.3
49.7,135187.7,13518.8,6759.4,148706.4
49.8,133441.4,13344.1,6672.1,146785.6
49.9,131734.3,13173.4,6586.7,144907.7
50.0,130065.3,13006.5,6503.3,143071.9
50.1,128433.7,12843.4,6421.7,141277.1
50.2,126838.5,12683.9,6341.9,139522.4
50.3,125279.1,12527.9,6264.0,137807.0
50.4,123754.6,12375.5,6187.7,136130.0
50.5,122264.2,12226.4,6113.2,134490.7
50.6,120807.3,12080.7,6040.4,132888.1
50.7,119383.1,11938.3,5969.2,131321.4
50.8,117991.0,11799.1,5899.5,129790.1
50.9,116630.3,11663.0,5831.5,128293.3
51.0,115300.3,11530.0,5765.0,126830.3
51.1,114000.4,11400.0,5700.0,125400.4
51.2,112730.1,11273.0,5636.5,124003.1
51.3,111488.7,11148.9,5574.4,122637.6
51.4,110275.7,11027.6,5513.8,121303.3
51.5,109090.6,10909.1,5454.5,119999.7
51.6,107932.9,10793.3,5396.6,118726.1
51.7,106802.0,10680.2,5340.1,117482.2
51.8,105697.4,10569.7,5284.9,116267.2
51.9,104618.8,10461.9,5230.9,115080.7
52.0,103565.6,10356.6,5178.3,113922.2
52.1,102537.5,10253.8,5126.9,112791.3
52.2,101534.0,10153.4,5076.7,111687.4
52.3,100554.7,10055.5,5027.7,110610.2
52.4,99599.3,9959.9,4980.0,109559.2
52.5,98667.4,9866.7,4933.4,108534.1
52.6,97758.6,9775.9,4887.9,107534.4
52.7,96872.6,9687.3,4843.6,106559.8
52.8,96009.1,9600.9,4800.5,105610.0
52.9,95167.8,9516.8,4758.4,104684.6
53.0,94348.5,9434.8,4717.4,103783.3
53.1,93550.8,9355.1,4677.5,102905.9
53.2,92774.5,9277.4,4638.7,102051.9
53.3,92019.3,9201.9,4601.0,101221.3
53.4,91285.1,9128.5,4564.3,100413.6
53.5,90571.6,9057.2,4528.6,99628.8
53.6,89878.7,8987.9,4493.9,98866.5
53.7,89206.0,8920.6,4460.3,98126.7
53.8,88553.6,8855.4,4427.7,97409.0
53.9,87921.2,8792.1,4396.1,96713.4
54.0,87308.8,8730.9,4365.4,96039.6
54.1,86716.1,8671.6,4335.8,95387.7
54.2,86143.0,8614.3,4307.2,94757.3
54.3,85589.6,8559.0,4279.5,94148.5
54.4,85055.6,8505.6,4252.8,93561.2
54.5,84541.2,8454.1,4227.1,92995.3
54.6,84046.1,8404.6,4202.3,92450.7
54.7,83570.4,8357.0,4178.5,91927.4
54.8,83114.0,8311.4,4155.7,91425.4
54.9,82677.0,8267.7,4133.9,90944.7
55.0,82259.5,8225.9,4113.0,90485.4
55.1,81861.3,8186.1,4093.1,90047.4
55.2,81482.6,8148.3,4074.1,89630.9
55.3,81123.5,8112.3,4056.2,89235.8
55.4,80784.0,8078.4,4039.2,88862.4
55.5,80464.2,8046.4,4023.2,88510.6
55.6,80164.3,8016.4,4008.2,88180.8
55.7,79884.5,7988.4,3994.2,87872.9
55.8,79624.8,7962.5,3981.2,87587.3
55.9,79385.6,7938.6,3969.3,87324.1
56.0,79166.9,7916.7,3958.3,87083.6
56.1,78969.1,7896.9,3948.5,86866.0
56.2,78792.3,7879.2,3939.6,86671.5
56.3,78636.9,7863.7,3931.8,86500.6
56.4,78503.1,7850.3,3925.2,86353.4
56.5,78391.4,7839.1,3919.6,86230.5
56.6,78302.0,7830.2,3915.1,86132.2
56.7,78235.3,7823.5,3911.8,86058.9
56.8,78191.8,7819.2,3909.6,86011.0
56.9,78171.9,7817.2,3908.6,85989.1
57.0,78176.1,7817.6,3908.8,85993.7
57.1,78204.8,7820.5,3910.2,86025.3
57.2,78258.7,7825.9,3912.9,86084.5
57.3,78338.2,7833.8,3916.9,86172.0
57.4,78444.1,7844.4,3922.2,86288.5
57.5,78576.9,7857.7,3928.8,86434.6
57.6,78737.4,7873.7,3936.9,86611.2
57.7,78926.3,7892.6,3946.3,86819.0
57.8,79144.4,7914.4,3957.2,87058.9
57.9,79392.5,7939.3,3969.6,87331.8
58.0,79671.5,7967.2,3983.6,87638.7
58.1,79982.3,7998.2,3999.1,87980.5
58.2,80325.9,8032.6,4016.3,88358.5
58.3,80703.3,8070.3,4035.2,88773.7
58.4,81115.7,8111.6,4055.8,89227.3
58.5,81564.1,8156.4,4078.2,89720.5
58.6,82049.8,8205.0,4102.5,90254.8
58.7,82574.2,8257.4,4128.7,90831.6
58.8,83138.4,8313.8,4156.9,91452.2
58.9,83744.0,8374.4,4187.2,92118.4
59.0,84392.5,8439.2,4219.6,92831.7
59.1,85085.4,8508.5,4254.3,93593.9
59.2,85824.3,8582.4,4291.2,94406.8
59.3,86611.1,8661.1,4330.6,95272.2
59.4,87447.6,8744.8,4372.4,96192.3
59.5,88335.6,8833.6,4416.8,97169.1
59.6,89277.1,8927.7,4463.9,98204.8
59.7,90274.3,9027.4,4513.7,99301.7
59.8,91329.3,9132.9,4566.5,100462.2
59.9,92444.4,9244.4,4622.2,101688.8
60.0,93622.0,9362.2,4681.1,102984.2
60.1,94864.5,9486.4,4743.2,104350.9
60.2,96174.5,9617.5,4808.7,105792.0
60.3,97554.7,9755.5,4877.7,107310.1
60.4,99007.7,9900.8,4950.4,108908.4
60.5,100536.4,10053.6,5026.8,110590.0
60.6,102143.6,10214.4,5107.2,112358.0
60.7,103832.4,10383.2,5191.6,114215.7
60.8,105605.7,10560.6,5280.3,116166.3
60.9,107466.6,10746.7,5373.3,118213.2
61.0,109418.0,10941.8,5470.9,120359.8
61.1,111463.1,11146.3,5573.2,122609.4
61.2,113604.9,11360.5,5680.2,124965.4
61.3,115846.3,11584.6,5792.3,127430.9
61.4,118190.1,11819.0,5909.5,130009.1
61.5,120639.0,12063.9,6031.9,132702.9
61.6,123195.5,12319.5,6159.8,135515.0
61.7,125861.8,12586.2,6293.1,138447.9
61.8,128639.7,12864.0,6432.0,141503.7
61.9,131530.7,13153.1,6576.5,144683.8
62.0,134535.8,13453.6,6726.8,147989.3
62.1,137655.1,13765.5,6882.8,151420.6
62.2,140888.2,14088.8,7044.4,154977.1
62.3,144233.9,14423.4,7211.7,158657.3
62.4,147689.7,14769.0,7384.5,162458.7
62.5,151252.2,15125.2,7562.6,166377.4
62.6,154916.6,15491.7,7745.8,170408.2
62.7,158676.4,15867.6,7933.8,174544.1
62.8,162523.8,16252.4,8126.2,178776.2
62.9,166448.8,16644.9,8322.4,183093.7
63.0,170439.6,17044.0,8522.0,187483.5
63.1,174482.1,17448.2,8724.1,191930.3
63.2,178560.1,17856.0,8928.0,196416.1
63.3,182654.6,18265.5,9132.7,200920.1
63.4,186744.5,18674.5,9337.2,205419.0
63.5,190806.1,19080.6,9540.3,209886.7
63.6,194813.2,19481.3,9740.7,214294.5
63.7,198737.3,19873.7,9936.9,218611.1
63.8,202548.0,20254.8,10127.4,222802.8
63.9,206213.0,20621.3,10310.6,226834.3
64.0,209698.6,20969.9,10484.9,230668.5
64.1,212970.7,21297.1,10648.5,234267.8
64.2,215994.7,21599.5,10799.7,237594.1
64.3,218736.5,21873.7,10936.8,240610.2
64.4,221163.7,22116.4,11058.2,243280.1
64.5,223245.7,22324.6,11162.3,245570.2
64.6,224954.9,22495.5,11247.7,247450.4
64.7,226267.7,22626.8,11313.4,248894.4
64.8,227164.6,22716.5,11358.2,249881.0
64.9,227631.3,22763.1,11381.6,250394.5
65.0,227659.2,22765.9,11383.0,250425.1
65.1,227245.2,22724.5,11362.3,249969.7
65.2,226392.2,22639.2,11319.6,249031.5
65.3,225109.0,22510.9,11255.5,247619.9
65.4,223409.8,22341.0,11170.5,245750.8
65.5,221313.8,22131.4,11065.7,243445.2
65.6,218844.9,21884.5,10942.2,240729.3
65.7,216030.3,21603.0,10801.5,237633.4
65.8,212900.7,21290.1,10645.0,234190.8
65.9,209488.5,20948.9,10474.4,230437.4
66.0,205827.7,20582.8,10291.4,226410.5
66.1,201952.6,20195.3,10097.6,222147.9
66.2,197897.7,19789.8,9894.9,217687.4
66.3,193696.3,19369.6,9684.8,213065.9
66.4,189380.7,18938.1,9469.0,208318.8
66.5,184981.3,18498.1,9249.1,203479.4
66.6,180526.5,18052.7,9026.3,198579.2
66.7,176042.4,17604.2,8802.1,193646.7
66.8,171552.7,17155.3,8577.6,188708.0
66.9,167078.6,16707.9,8353.9,183786.4
67.0,162638.7,16263.9,8131.9,178902.6
67.1,158249.3,15824.9,7912.5,174074.3
67.2,153924.5,15392.4,7696.2,169316.9
67.3,149676.0,14967.6,7483.8,164643.6
67.4,145513.6,14551.4,7275.7,160065.0
67.5,141445.3,14144.5,7072.3,155589.8
67.6,137477.3,13747.7,6873.9,151225.0
67.7,133614.4,13361.4,6680.7,146975.8
67.8,129860.0,12986.0,6493.0,142846.0
67.9,126216.4,12621.6,6310.8,138838.0
68.0,122684.8,12268.5,6134.2,134953.3
68.1,119265.7,11926.6,5963.3,131192.3
68.2,115958.7,11595.9,5797.9,127554.6
68.3,112762.8,11276.3,5638.1,124039.1
68.4,109676.4,10967.6,5483.8,120644.1
68.5,106697.8,10669.8,5334.9,117367.5
68.6,103824.5,10382.4,5191.2,114206.9
68.7,101054.0,10105.4,5052.7,111159.4
68.8,98383.7,9838.4,4919.2,108222.0
68.9,95810.5,9581.0,4790.5,105391.5
69.0,93331.5,9333.1,4666.6,102664.6
69.1,90943.5,9094.4,4547.2,100037.9
69.2,88643.5,8864.4,4432.2,97507.9
69.3,86428.4,8642.8,4321.4,95071.2
69.4,84294.9,8429.5,4214.7,92724.4
69.5,82240.1,8224.0,4112.0,90464.1
69.6,80260.9,8026.1,4013.0,88287.0
69.7,78354.3,7835.4,3917.7,86189.7
69.8,76517.4,7651.7,3825.9,84169.2
69.9,74747.5,7474.7,3737.4,82222.2
70.0,73041.7,7304.2,3652.1,80345.9
70.1,71397.5,7139.8,3569.9,78537.3
70.2,69812.3,6981.2,3490.6,76793.5
70.3,68283.6,6828.4,3414.2,75111.9
70.4,66809.0,6680.9,3340.5,73489.9
70.5,65386.4,6538.6,3269.3,71925.0
70.6,64013.4,6401.3,3200.7,70414.8
70.7,62688.1,6268.8,3134.4,68956.9
70.8,61408.3,6140.8,3070.4,67549.1
70.9,60172.2,6017.2,3008.6,66189.4
71.0,58977.9,5897.8,2948.9,64875.7
71.1,57823.8,5782.4,2891.2,63606.1
71.2,56708.0,5670.8,2835.4,62378.8
71.3,55629.0,5562.9,2781.4,61191.9
71.4,54585.3,5458.5,2729.3,60043.8
71.5,53575.3,5357.5,2678.8,58932.9
71.6,52597.8,5259.8,2629.9,57857.6
71.7,51651.4,5165.1,2582.6,56816.5
71.8,50734.7,5073.5,2536.7,55808.2
71.9,49846.6,4984.7,2492.3,54831.3
72.0,48986.0,4898.6,2449.3,53884.6
72.1,48151.7,4815.2,2407.6,52966.8
72.2,47342.6,4734.3,2367.1,52076.9
72.3,46557.8,4655.8,2327.9,51213.6
72.4,45796.3,4579.6,2289.8,50375.9
72.5,45057.2,4505.7,2252.9,49562.9
72.6,44339.6,4434.0,2217.0,48773.6
72.7,43642.7,4364.3,2182.1,48007.0
72.8,42965.7,4296.6,2148.3,47262.2
72.9,42307.8,4230.8,2115.4,46538.5
73.0,41668.2,4166.8,2083.4,45835.1
73.1,41046.4,4104.6,2052.3,45151.1
73.2,40441.7,4044.2,2022.1,44485.8
73.3,39853.3,3985.3,1992.7,43838.6
73.4,39280.7,3928.1,1964.0,43208.8
73.5,38723.4,3872.3,1936.2,42595.7
73.6,38180.7,3818.1,1909.0,41998.8
73.7,37652.2,3765.2,1882.6,41417.4
73.8,37137.3,3713.7,1856.9,40851.0
73.9,36635.5,3663.6,1831.8,40299.1
74.0,36146.4,3614.6,1807.3,39761.1
74.1,35669.6,3567.0,1783.5,39236.6
74.2,35204.6,3520.5,1760.2,38725.1
74.3,34751.0,3475.1,1737.6,38226.1
74.4,34308.4,3430.8,1715.4,37739.3
74.5,33876.5,3387.6,1693.8,37264.1
74.6,33454.8,3345.5,1672.7,36800.3
74.7,33043.2,3304.3,1652.2,36347.5
74.8,32641.1,3264.1,1632.1,35905.2
74.9,32248.3,3224.8,1612.4,35473.1
75.0,31864.5,3186.5,1593.2,35051.0
75.1,31489.4,3148.9,1574.5,34638.4
75.2,31122.8,3112.3,1556.1,34235.0
75.3,30764.3,3076.4,1538.2,33840.7
75.4,30413.7,3041.4,1520.7,33455.0
75.5,30070.7,3007.1,1503.5,33077.8
75.6,29735.2,2973.5,1486.8,32708.7
75.7,29406.9,2940.7,1470.3,32347.6
75.8,29085.5,2908.6,1454.3,31994.1
75.9,28770.9,2877.1,1438.5,31648.0
76.0,28462.8,2846.3,1423.1,31309.1
76.1,28161.1,2816.1,1408.1,30977.2
76.2,27865.6,2786.6,1393.3,30652.1
76.3,27576.0,2757.6,1378.8,30333.6
76.4,27292.3,2729.2,1364.6,30021.5
76.5,27014.2,2701.4,1350.7,29715.6
76.6,26741.6,2674.2,1337.1,29415.7
76.7,26474.3,2647.4,1323.7,29121.7
76.8,26212.1,2621.2,1310.6,28833.4
76.9,25955.0,2595.5,1297.8,28550.6
77.0,25702.8,2570.3,1285.1,28273.1
77.1,25455.4,2545.5,1272.8,28000.9
77.2,25212.6,2521.3,1260.6,27733.8
77.3,24974.2,2497.4,1248.7,27471.7
77.4,24740.3,2474.0,1237.0,27214.3
77.5,24510.6,2451.1,1225.5,26961.6
77.6,24285.0,2428.5,1214.3,26713.5
77.7,24063.5,2406.4,1203.2,26469.9
77.8,23845.9,2384.6,1192.3,26230.5
77.9,23632.2,2363.2,1181.6,25995.4
78.0,23422.1,2342.2,1171.1,25764.3
78.1,23215.7,2321.6,1160.8,25537.3
78.2,23012.9,2301.3,1150.6,25314.2
78.3,22813.5,2281.3,1140.7,25094.8
78.4,22617.4,2261.7,1130.9,24879.2
78.5,22424.7,2242.5,1121.2,24667.1
78.6,22235.1,2223.5,1111.8,24458.6
78.7,22048.7,2204.9,1102.4,24253.5
78.8,21865.3,2186.5,1093.3,24051.8
78.9,21684.8,2168.5,1084.2,23853.3
79.0,21507.3,2150.7,1075.4,23658.1
79.1,21332.6,2133.3,1066.6,23465.9
79.2,21160.7,2116.1,1058.0,23276.8
79.3,20991.5,2099.1,1049.6,23090.6
79.4,20824.9,2082.5,1041.2,22907.4
79.5,20660.9,2066.1,1033.0,22727.0
79.6,20499.4,2049.9,1025.0,22549.3
79.7,20340.4,2034.0,1017.0,22374.4
79.8,20183.7,2018.4,1009.2,22202.1
79.9,20029.4,2002.9,1001.5,22032.4
80.0,19877.5,1987.7,993.9,21865.2
80.1,19727.7,1972.8,986.4,21700.5
80.2,19580.2,1958.0,979.0,21538.2
80.3,19434.8,1943.5,971.7,21378.3
80.4,19291.5,1929.1,964.6,21220.6
80.5,19150.3,1915.0,957.5,21065.3
80.6,19011.0,1901.1,950.6,20912.1
80.7,18873.8,1887.4,943.7,20761.2
80.8,18738.5,1873.8,936.9,20612.3
80.9,18605.0,1860.5,930.3,20465.5
81.0,18473.4,1847.3,923.7,20320.8
81.1,18343.7,1834.4,917.2,20178.0
81.2,18215.7,1821.6,910.8,20037.2
81.3,18089.4,1808.9,904.5,19898.3
81.4,17964.8,1796.5,898.2,19761.3
81.5,17841.9,1784.2,892.1,19626.1
81.6,17720.7,1772.1,886.0,19492.7
81.7,17601.0,1760.1,880.0,19361.1
81.8,17482.9,1748.3,874.1,19231.2
81.9,17366.3,1736.6,868.3,19103.0
82.0,17251.3,1725.1,862.6,18976.4
82.1,17137.7,1713.8,856.9,18851.5
82.2,17025.6,1702.6,851.3,18728.2
82.3,16914.9,1691.5,845.7,18606.4
82.4,16805.6,1680.6,840.3,18486.2
82.5,16697.7,1669.8,834.9,18367.5
82.6,16591.1,1659.1,829.6,18250.2
82.7,16485.9,1648.6,824.3,18134.4
82.8,16381.9,1638.2,819.1,18020.1
82.9,16279.2,1627.9,814.0,17907.1
83.0,16177.7,1617.8,808.9,17795.5
83.1,16077.5,1607.8,803.9,17685.3
83.2,15978.5,1597.8,798.9,17576.3
83.3,15880.6,1588.1,794.0,17468.7
83.4,15784.0,1578.4,789.2,17362.4
83.5,15688.4,1568.8,784.4,17257.3
83.6,15594.0,1559.4,779.7,17153.4
83.7,15500.7,1550.1,775.0,17050.7
83.8,15408.4,1540.8,770.4,16949.3
83.9,15317.2,1531.7,765.9,16849.0
84.0,15227.1,1522.7,761.4,16749.8
84.1,15138.0,1513.8,756.9,16651.8
84.2,15049.9,1505.0,752.5,16554.9
84.3,14962.8,1496.3,748.1,16459.0
84.4,14876.6,1487.7,743.8,16364.3
84.5,14791.4,1479.1,739.6,16270.6
84.6,14707.2,1470.7,735.4,16177.9
84.7,14623.9,1462.4,731.2,16086.3
84.8,14541.5,1454.1,727.1,15995.6
84.9,14460.0,1446.0,723.0,15906.0
85.0,14379.3,1437.9,719.0,15817.3
85.1,14299.6,1430.0,715.0,15729.5
85.2,14220.7,1422.1,711.0,15642.8
85.3,14142.6,1414.3,707.1,15556.9
85.4,14065.4,1406.5,703.3,15471.9
85.5,13989.0,1398.9,699.4,15387.9
85.6,13913.3,1391.3,695.7,15304.7
85.7,13838.5,1383.9,691.9,15222.4
85.8,13764.4,1376.4,688.2,15140.9
85.9,13691.2,1369.1,684.6,15060.3
86.0,13618.6,1361.9,680.9,14980.5
86.1,13546.8,1354.7,677.3,14901.5
86.2,13475.7,1347.6,673.8,14823.3
86.3,13405.4,1340.5,670.3,14745.9
86.4,13335.7,1333.6,666.8,14669.3
86.5,13266.8,1326.7,663.3,14593.5
86.6,13198.5,1319.9,659.9,14518.4
86.7,13130.9,1313.1,656.5,14444.0
86.8,13064.0,1306.4,653.2,14370.4
86.9,12997.8,1299.8,649.9,14297.5
87.0,12932.1,1293.2,646.6,14225.4
87.1,12867.2,1286.7,643.4,14153.9
87.2,12802.8,1280.3,640.1,14083.1
87.3,12739.1,1273.9,637.0,14013.0
87.4,12676.0,1267.6,633.8,13943.6
87.5,12613.5,1261.3,630.7,13874.8
87.6,12551.5,1255.2,627.6,13806.7
87.7,12490.2,1249.0,624.5,13739.2
87.8,12429.4,1242.9,621.5,13672.4
87.9,12369.3,1236.9,618.5,13606.2
88.0,12309.6,1231.0,615.5,13540.6
88.1,12250.6,1225.1,612.5,13475.6
88.2,12192.0,1219.2,609.6,13411.2
88.3,12134.0,1213.4,606.7,13347.4
88.4,12076.6,1207.7,603.8,13284.2
88.5,12019.6,1202.0,601.0,13221.6
88.6,11963.2,1196.3,598.2,13159.5
88.7,11907.3,1190.7,595.4,13098.0
88.8,11851.9,1185.2,592.6,13037.1
88.9,11797.0,1179.7,589.8,12976.7
89.0,11742.6,1174.3,587.1,12916.8
89.1,11688.6,1168.9,584.4,12857.5
89.2,11635.2,1163.5,581.8,12798.7
89.3,11582.2,1158.2,579.1,12740.4
89.4,11529.7,1153.0,576.5,12682.6
89.5,11477.6,1147.8,573.9,12625.4
89.6,11426.0,1142.6,571.3,12568.6
89.7,11374.8,1137.5,568.7,12512.3
89.8,11324.1,1132.4,566.2,12456.5
89.9,11273.8,1127.4,563.7,12401.2
90.0,11224.0,1122.4,561.2,12346.4
90.1,11174.6,1117.5,558.7,12292.0
90.2,11125.5,1112.6,556.3,12238.1
90.3,11077.0,1107.7,553.8,12184.7
90.4,11028.8,1102.9,551.4,12131.6
90.5,10981.0,1098.1,549.0,12079.1
90.6,10933.6,1093.4,546.7,12027.0
90.7,10886.6,1088.7,544.3,11975.3
90.8,10840.0,1084.0,542.0,11924.0
90.9,10793.8,1079.4,539.7,11873.2
91.0,10748.0,1074.8,537.4,11822.8
91.1,10702.5,1070.3,535.1,11772.8
91.2,10657.5,1065.7,532.9,11723.2
91.3,10612.7,1061.3,530.6,11674.0
91.4,10568.4,1056.8,528.4,11625.2
91.5,10524.4,1052.4,526.2,11576.8
91.6,10480.8,1048.1,524.0,11528.8
91.7,10437.5,1043.7,521.9,11481.2
91.8,10394.5,1039.5,519.7,11434.0
91.9,10351.9,1035.2,517.6,11387.1
92.0,10309.7,1031.0,515.5,11340.6
92.1,10267.7,1026.8,513.4,11294.5
92.2,10226.1,1022.6,511.3,11248.7
92.3,10184.9,1018.5,509.2,11203.3
92.4,10143.9,1014.4,507.2,11158.3
92.5,10103.3,1010.3,505.2,11113.6
92.6,10063.0,1006.3,503.1,11069.3
92.7,10023.0,1002.3,501.1,11025.3
92.8,9983.3,998.3,499.2,10981.6
92.9,9943.9,994.4,497.2,10938.3
93.0,9904.8,990.5,495.2,10895.3
93.1,9866.0,986.6,493.3,10852.6
93.2,9827.5,982.8,491.4,10810.3
93.3,9789.3,978.9,489.5,10768.2
93.4,9751.4,975.1,487.6,10726.5
93.5,9713.8,971.4,485.7,10685.2
93.6,9676.4,967.6,483.8,10644.1
93.7,9639.4,963.9,482.0,10603.3
93.8,9602.6,960.3,480.1,10562.8
93.9,9566.1,956.6,478.3,10522.7
94.0,9529.8,953.0,476.5,10482.8
94.1,9493.9,949.4,474.7,10443.2
94.2,9458.2,945.8,472.9,10404.0
94.3,9422.7,942.3,471.1,10365.0
94.4,9387.5,938.8,469.4,10326.3
94.5,9352.6,935.3,467.6,10287.8
94.6,9317.9,931.8,465.9,10249.7
94.7,9283.5,928.3,464.2,10211.8
94.8,9249.3,924.9,462.5,10174.2
94.9,9215.4,921.5,460.8,10136.9
95.0,9181.7,918.2,459.1,10099.9
95.1,9148.3,914.8,457.4,10063.1
95.2,9115.0,911.5,455.8,10026.6
95.3,9082.1,908.2,454.1,9990.3
95.4,9049.3,904.9,452.5,9954.3
95.5,9016.8,901.7,450.8,9918.5
95.6,8984.6,898.5,449.2,9883.0
95.7,8952.5,895.3,447.6,9847.8
95.8,8920.7,892.1,446.0,9812.8
95.9,8889.1,888.9,444.5,9778.0
96.0,8857.7,885.8,442.9,9743.5
96.1,8826.6,882.7,441.3,9709.2
96.2,8795.6,879.6,439.8,9675.2
96.3,8764.9,876.5,438.2,9641.4
96.4,8734.4,873.4,436.7,9607.8
96.5,8704.1,870.4,435.2,9574.5
96.6,8674.0,867.4,433.7,9541.4
96.7,8644.1,864.4,432.2,9508.5
96.8,8614.4,861.4,430.7,9475.8
96.9,8584.9,858.5,429.2,9443.4
97.0,8555.6,855.6,427.8,9411.2
97.1,8526.5,852.7,426.3,9379.2
97.2,8497.6,849.8,424.9,9347.4
97.3,8468.9,846.9,423.4,9315.8
97.4,8440.4,844.0,422.0,9284.4
97.5,8412.1,841.2,420.6,9253.3
97.6,8384.0,838.4,419.2,9222.4
97.7,8356.0,835.6,417.8,9191.6
97.8,8328.3,832.8,416.4,9161.1
97.9,8300.7,830.1,415.0,9130.8
98.0,8273.3,827.3,413.7,9100.6
98.1,8246.1,824.6,412.3,9070.7
98.2,8219.1,821.9,411.0,9041.0
98.3,8192.2,819.2,409.6,9011.4
98.4,8165.5,816.6,408.3,8982.1
98.5,8139.0,813.9,407.0,8952.9
98.6,8112.7,811.3,405.6,8923.9
98.7,8086.5,808.7,404.3,8895.2
98.8,8060.5,806.1,403.0,8866.6
98.9,8034.7,803.5,401.7,8838.2
99.0,8009.0,800.9,400.5,8809.9
99.1,7983.5,798.4,399.2,8781.9
99.2,7958.2,795.8,397.9,8754.0
99.3,7933.0,793.3,396.7,8726.3
99.4,7908.0,790.8,395.4,8698.8
99.5,7883.2,788.3,394.2,8671.5
99.6,7858.5,785.8,392.9,8644.3
99.7,7833.9,783.4,391.7,8617.3
99.8,7809.6,781.0,390.5,8590.5
99.9,7785.3,778.5,389.3,8563.9
100.0,7761.3,776.1,388.1,8537.4
100.1,7737.3,773.7,386.9,8511.1
100.2,7713.6,771.4,385.7,8484.9
100.3,7689.9,769.0,384.5,8458.9
100.4,7666.4,766.6,383.3,8433.1
100.5,7643.1,764.3,382.2,8407.4
100.6,7619.9,762.0,381.0,8381.9
100.7,7596.9,759.7,379.8,8356.6
100.8,7574.0,757.4,378.7,8331.4
100.9,7551.2,755.1,377.6,8306.3
101.0,7528.6,752.9,376.4,8281.4
101.1,7506.1,750.6,375.3,8256.7
101.2,7483.7,748.4,374.2,8232.1
101.3,7461.5,746.2,373.1,8207.7
101.4,7439.4,743.9,372.0,8183.4
101.5,7417.5,741.7,370.9,8159.2
101.6,7395.7,739.6,369.8,8135.2
101.7,7374.0,737.4,368.7,8111.4
101.8,7352.4,735.2,367.6,8087.7
101.9,7331.0,733.1,366.6,8064.1
102.0,7309.7,731.0,365.5,8040.7
102.1,7288.6,728.9,364.4,8017.4
102.2,7267.5,726.8,363.4,7994.3
102.3,7246.6,724.7,362.3,7971.3
102.4,7225.8,722.6,361.3,7948.4
102.5,7205.1,720.5,360.3,7925.7
102.6,7184.6,718.5,359.2,7903.1
102.7,7164.2,716.4,358.2,7880.6
102.8,7143.9,714.4,357.2,7858.3
102.9,7123.7,712.4,356.2,7836.1
103.0,7103.6,710.4,355.2,7814.0
103.1,7083.7,708.4,354.2,7792.0
103.2,7063.8,706.4,353.2,7770.2
103.3,7044.1,704.4,352.2,7748.5
103.4,7024.5,702.5,351.2,7727.0
103.5,7005.0,700.5,350.3,7705.5
103.6,6985.7,698.6,349.3,7684.2
103.7,6966.4,696.6,348.3,7663.0
103.8,6947.2,694.7,347.4,7642.0
103.9,6928.2,692.8,346.4,7621.0
104.0,6909.3,690.9,345.5,7600.2
104.1,6890.4,689.0,344.5,7579.5
104.2,6871.7,687.2,343.6,7558.9
104.3,6853.1,685.3,342.7,7538.4
104.4,6834.6,683.5,341.7,7518.1
104.5,6816.2,681.6,340.8,7497.8
104.6,6797.9,679.8,339.9,7477.7
104.7,6779.7,678.0,339.0,7457.7
104.8,6761.7,676.2,338.1,7437.8
104.9,6743.7,674.4,337.2,7418.0
105.0,6725.8,672.6,336.3,7398.4
105.1,6708.0,670.8,335.4,7378.8
105.2,6690.3,669.0,334.5,7359.4
105.3,6672.7,667.3,333.6,7340.0
105.4,6655.3,665.5,332.8,7320.8
105.5,6637.9,663.8,331.9,7301.7
105.6,6620.6,662.1,331.0,7282.6
105.7,6603.4,660.3,330.2,7263.7
105.8,6586.3,658.6,329.3,7244.9
105.9,6569.3,656.9,328.5,7226.2
106.0,6552.4,655.2,327.6,7207.6
106.1,6535.6,653.6,326.8,7189.1
106.2,6518.8,651.9,325.9,7170.7
106.3,6502.2,650.2,325.1,7152.4
106.4,6485.7,648.6,324.3,7134.2
106.5,6469.2,646.9,323.5,7116.1
106.6,6452.8,645.3,322.6,7098.1
106.7,6436.6,643.7,321.8,7080.2
106.8,6420.4,642.0,321.0,7062.4
106.9,6404.3,640.4,320.2,7044.7
107.0,6388.3,638.8,319.4,7027.1
107.1,6372.4,637.2,318.6,7009.6
107.2,6356.5,635.7,317.8,6992.2
107.3,6340.8,634.1,317.0,6974.9
107.4,6325.1,632.5,316.3,6957.6
107.5,6309.5,631.0,315.5,6940.5
107.6,6294.0,629.4,314.7,6923.4
107.7,6278.6,627.9,313.9,6906.5
107.8,6263.3,626.3,313.2,6889.6
107.9,6248.1,624.8,312.4,6872.9
108.0,6232.9,623.3,311.6,6856.2
108.1,6217.8,621.8,310.9,6839.6
108.2,6202.8,620.3,310.1,6823.1
108.3,6187.9,618.8,309.4,6806.7
108.4,6173.0,617.3,308.7,6790.3
108.5,6158.2,615.8,307.9,6774.1
108.6,6143.6,614.4,307.2,6757.9
108.7,6128.9,612.9,306.4,6741.8
108.8,6114.4,611.4,305.7,6725.8
108.9,6099.9,610.0,305.0,6709.9
109.0,6085.6,608.6,304.3,6694.1
109.1,6071.3,607.1,303.6,6678.4
109.2,6057.0,605.7,302.9,6662.7
109.3,6042.9,604.3,302.1,6647.1
109.4,6028.8,602.9,301.4,6631.7
109.5,6014.8,601.5,300.7,6616.2
109.6,6000.8,600.1,300.0,6600.9
109.7,5987.0,598.7,299.3,6585.6
109.8,5973.2,597.3,298.7,6570.5
109.9,5959.4,595.9,298.0,6555.4
110.0,5945.8,594.6,297.3,6540.4
110.1,5932.2,593.2,296.6,6525.4
110.2,5918.7,591.9,295.9,6510.6
110.3,5905.2,590.5,295.3,6495.8
110.4,5891.9,589.2,294.6,6481.1
110.5,5878.6,587.9,293.9,6466.4
110.6,5865.3,586.5,293.3,6451.9
110.7,5852.2,585.2,292.6,6437.4
110.8,5839.0,583.9,292.0,6423.0
110.9,5826.0,582.6,291.3,6408.6
111.0,5813.0,581.3,290.7,6394.3
111.1,5800.1,580.0,290.0,6380.1
111.2,5787.3,578.7,289.4,6366.0
111.3,5774.5,577.5,288.7,6352.0
111.4,5761.8,576.2,288.1,6338.0
111.5,5749.2,574.9,287.5,6324.1
111.6,5736.6,573.7,286.8,6310.2
111.7,5724.1,572.4,286.2,6296.5
111.8,5711.6,571.2,285.6,6282.8
111.9,5699.2,569.9,285.0,6269.1
112.0,5686.9,568.7,284.3,6255.6
112.1,5674.6,567.5,283.7,6242.1
112.2,5662.4,566.2,283.1,6228.7
112.3,5650.3,565.0,282.5,6215.3
112.4,5638.2,563.8,281.9,6202.0
112.5,5626.1,562.6,281.3,6188.8
112.6,5614.2,561.4,280.7,6175.6
112.7,5602.3,560.2,280.1,6162.5
112.8,5590.4,559.0,279.5,6149.5
112.9,5578.6,557.9,278.9,6136.5
113.0,5566.9,556.7,278.3,6123.6
113.1,5555.2,555.5,277.8,6110.8
113.2,5543.6,554.4,277.2,6098.0
113.3,5532.1,553.2,276.6,6085.3
113.4,5520.6,552.1,276.0,6072.6
113.5,5509.1,550.9,275.5,6060.0
113.6,5497.7,549.8,274.9,6047.5
113.7,5486.4,548.6,274.3,6035.0
113.8,5475.1,547.5,273.8,6022.6
113.9,5463.9,546.4,273.2,6010.3
114.0,5452.7,545.3,272.6,5998.0
114.1,5441.6,544.2,272.1,5985.8
114.2,5430.5,543.1,271.5,5973.6
114.3,5419.5,542.0,271.0,5961.5
114.4,5408.6,540.9,270.4,5949.4
114.5,5397.7,539.8,269.9,5937.4
114.6,5386.8,538.7,269.3,5925.5
114.7,5376.0,537.6,268.8,5913.6
114.8,5365.3,536.5,268.3,5901.8
114.9,5354.6,535.5,267.7,5890.0
115.0,5343.9,534.4,267.2,5878.3
115.1,5333.4,533.3,266.7,5866.7
115.2,5322.8,532.3,266.1,5855.1
115.3,5312.3,531.2,265.6,5843.6
115.4,5301.9,530.2,265.1,5832.1
115.5,5291.5,529.2,264.6,5820.7
115.6,5281.2,528.1,264.1,5809.3
115.7,5270.9,527.1,263.5,5798.0
115.8,5260.6,526.1,263.0,5786.7
115.9,5250.4,525.0,262.5,5775.5
116.0,5240.3,524.0,262.0,5764.3
116.1,5230.2,523.0,261.5,5753.2
116.2,5220.2,522.0,261.0,5742.2
116.3,5210.2,521.0,260.5,5731.2
116.4,5200.2,520.0,260.0,5720.2
116.5,5190.3,519.0,259.5,5709.3
116.6,5180.4,518.0,259.0,5698.5
116.7,5170.6,517.1,258.5,5687.7
116.8,5160.9,516.1,258.0,5676.9
116.9,5151.1,515.1,257.6,5666.2
117.0,5141.5,514.1,257.1,5655.6
117.1,5131.8,513.2,256.6,5645.0
117.2,5122.2,512.2,256.1,5634.5
117.3,5112.7,511.3,255.6,5624.0
117.4,5103.2,510.3,255.2,5613.5
117.5,5093.8,509.4,254.7,5603.1
117.6,5084.3,508.4,254.2,5592.8
117.7,5075.0,507.5,253.7,5582.5
117.8,5065.7,506.6,253.3,5572.2
117.9,5056.4,505.6,252.8,5562.0
118.0,5047.2,504.7,252.4,5551.9
118.1,5038.0,503.8,251.9,5541.8
118.2,5028.8,502.9,251.4,5531.7
118.3,5019.7,502.0,251.0,5521.7
118.4,5010.6,501.1,250.5,5511.7
118.5,5001.6,500.2,250.1,5501.8
118.6,4992.6,499.3,249.6,5491.9
118.7,4983.7,498.4,249.2,5482.1
118.8,4974.8,497.5,248.7,5472.3
118.9,4965.9,496.6,248.3,5462.5
119.0,4957.1,495.7,247.9,5452.8
119.1,4948.3,494.8,247.4,5443.2
119.2,4939.6,494.0,247.0,5433.6
119.3,4930.9,493.1,246.5,5424.0
119.4,4922.3,492.2,246.1,5414.5
119.5,4913.6,491.4,245.7,5405.0
119.6,4905.1,490.5,245.3,5395.6
119.7,4896.5,489.7,244.8,5386.2
119.8,4888.0,488.8,244.4,5376.8
119.9,4879.6,488.0,244.0,5367.5
120.0,4871.1,487.1,243.6,5358.2
120.1,4862.7,486.3,243.1,5349.0
120.2,4854.4,485.4,242.7,5339.8
120.3,4846.1,484.6,242.3,5330.7
120.4,4837.8,483.8,241.9,5321.6
120.5,4829.6,483.0,241.5,5312.5
120.6,4821.4,482.1,241.1,5303.5
120.7,4813.2,481.3,240.7,5294.5
120.8,4805.1,480.5,240.3,5285.6
120.9,4797.0,479.7,239.9,5276.7
121.0,4789.0,478.9,239.4,5267.9
121.1,4780.9,478.1,239.0,5259.0
121.2,4773.0,477.3,238.6,5250.3
121.3,4765.0,476.5,238.3,5241.5
121.4,4757.1,475.7,237.9,5232.8
121.5,4749.2,474.9,237.5,5224.2
121.6,4741.4,474.1,237.1,5215.5
121.7,4733.6,473.4,236.7,5207.0
121.8,4725.8,472.6,236.3,5198.4
121.9,4718.1,471.8,235.9,5189.9
122.0,4710.4,471.0,235.5,5181.4
122.1,4702.7,470.3,235.1,5173.0
122.2,4695.1,469.5,234.8,5164.6
122.3,4687.5,468.8,234.4,5156.3
122.4,4679.9,468.0,234.0,5147.9
122.5,4672.4,467.2,233.6,5139.6
122.6,4664.9,466.5,233.2,5131.4
122.7,4657.4,465.7,232.9,5123.2
122.8,4650.0,465.0,232.5,5115.0
122.9,4642.6,464.3,232.1,5106.9
123.0,4635.3,463.5,231.8,5098.8
123.1,4627.9,462.8,231.4,5090.7
123.2,4620.6,462.1,231.0,5082.7
123.3,4613.3,461.3,230.7,5074.7
123.4,4606.1,460.6,230.3,5066.7
123.5,4598.9,459.9,229.9,5058.8
123.6,4591.7,459.2,229.6,5050.9
123.7,4584.6,458.5,229.2,5043.1
123.8,4577.5,457.7,228.9,5035.2
123.9,4570.4,457.0,228.5,5027.4
124.0,4563.4,456.3,228.2,5019.7
124.1,4556.3,455.6,227.8,5012.0
124.2,4549.3,454.9,227.5,5004.3
124.3,4542.4,454.2,227.1,4996.6
124.4,4535.5,453.5,226.8,4989.0
124.5,4528.6,452.9,226.4,4981.4
124.6,4521.7,452.2,226.1,4973.9
124.7,4514.9,451.5,225.7,4966.3
124.8,4508.0,450.8,225.4,4958.9
124.9,4501.3,450.1,225.1,4951.4
125.0,4494.5,449.5,224.7,4944.0
125.1,4487.8,448.8,224.4,4936.6
125.2,4481.1,448.1,224.1,4929.2
125.3,4474.4,447.4,223.7,4921.9
125.4,4467.8,446.8,223.4,4914.6
125.5,4461.2,446.1,223.1,4907.3
125.6,4454.6,445.5,222.7,4900.1
125.7,4448.1,444.8,222.4,4892.9
125.8,4441.6,444.2,222.1,4885.7
125.9,4435.1,443.5,221.8,4878.6
126.0,4428.6,442.9,221.4,4871.5
126.1,4422.2,442.2,221.1,4864.4
126.2,4415.8,441.6,220.8,4857.3
126.3,4409.4,440.9,220.5,4850.3
126.4,4403.0,440.3,220.2,4843.3
126.5,4396.7,439.7,219.8,4836.4
126.6,4390.4,439.0,219.5,4829.4
126.7,4384.1,438.4,219.2,4822.5
126.8,4377.9,437.8,218.9,4815.7
126.9,4371.7,437.2,218.6,4808.8
127.0,4365.5,436.5,218.3,4802.0
127.1,4359.3,435.9,218.0,4795.2
127.2,4353.2,435.3,217.7,4788.5
127.3,4347.1,434.7,217.4,4781.8
127.4,4341.0,434.1,217.0,4775.1
127.5,4334.9,433.5,216.7,4768.4
127.6,4328.9,432.9,216.4,4761.7
127.7,4322.9,432.3,216.1,4755.1
127.8,4316.9,431.7,215.8,4748.6
127.9,4310.9,431.1,215.5,4742.0
128.0,4305.0,430.5,215.2,4735.5
128.1,4299.1,429.9,215.0,4729.0
128.2,4293.2,429.3,214.7,4722.5
128.3,4287.3,428.7,214.4,4716.0
128.4,4281.5,428.1,214.1,4709.6
128.5,4275.7,427.6,213.8,4703.2
128.6,4269.9,427.0,213.5,4696.9
128.7,4264.1,426.4,213.2,4690.5
128.8,4258.4,425.8,212.9,4684.2
128.9,4252.7,425.3,212.6,4677.9
129.0,4247.0,424.7,212.3,4671.7
129.1,4241.3,424.1,212.1,4665.4
129.2,4235.7,423.6,211.8,4659.2
129.3,4230.0,423.0,211.5,4653.1
129.4,4224.5,422.4,211.2,4646.9
129.5,4218.9,421.9,210.9,4640.8
129.6,4213.3,421.3,210.7,4634.7
129.7,4207.8,420.8,210.4,4628.6
129.8,4202.3,420.2,210.1,4622.5
129.9,4196.8,419.7,209.8,4616.5
130.0,4191.4,419.1,209.6,4610.5
130.1,4185.9,418.6,209.3,4604.5
130.2,4180.5,418.1,209.0,4598.6
130.3,4175.1,417.5,208.8,4592.6
130.4,4169.8,417.0,208.5,4586.7
130.5,4164.4,416.4,208.2,4580.9
130.6,4159.1,415.9,208.0,4575.0
130.7,4153.8,415.4,207.7,4569.2
130.8,4148.5,414.9,207.4,4563.4
130.9,4143.3,414.3,207.2,4557.6
131.0,4138.0,413.8,206.9,4551.8
131.1,4132.8,413.3,206.6,4546.1
131.2,4127.6,412.8,206.4,4540.4
131.3,4122.5,412.2,206.1,4534.7
131.4,4117.3,411.7,205.9,4529.0
131.5,4112.2,411.2,205.6,4523.4
131.6,4107.1,410.7,205.4,4517.8
131.7,4102.0,410.2,205.1,4512.2
131.8,4096.9,409.7,204.8,4506.6
131.9,4091.9,409.2,204.6,4501.1
132.0,4086.9,408.7,204.3,4495.6
132.1,4081.9,408.2,204.1,4490.1
132.2,4076.9,407.7,203.8,4484.6
132.3,4071.9,407.2,203.6,4479.1
132.4,4067.0,406.7,203.3,4473.7
132.5,4062.1,406.2,203.1,4468.3
132.6,4057.2,405.7,202.9,4462.9
132.7,4052.3,405.2,202.6,4457.5
132.8,4047.4,404.7,202.4,4452.2
132.9,4042.6,404.3,202.1,4446.8
133.0,4037.8,403.8,201.9,4441.5
133.1,4033.0,403.3,201.6,4436.3
133.2,4028.2,402.8,201.4,4431.0
133.3,4023.4,402.3,201.2,4425.8
133.4,4018.7,401.9,200.9,4420.6
133.5,4014.0,401.4,200.7,4415.4
133.6,4009.3,400.9,200.5,4410.2
133.7,4004.6,400.5,200.2,4405.0
133.8,3999.9,400.0,200.0,4399.9
133.9,3995.3,399.5,199.8,4394.8
134.0,3990.6,399.1,199.5,4389.7
134.1,3986.0,398.6,199.3,4384.6
134.2,3981.5,398.1,199.1,4379.6
134.3,3976.9,397.7,198.8,4374.6
134.4,3972.3,397.2,198.6,4369.6
134.5,3967.8,396.8,198.4,4364.6
134.6,3963.3,396.3,198.2,4359.6
134.7,3958.8,395.9,197.9,4354.7
134.8,3954.3,395.4,197.7,4349.7
134.9,3949.9,395.0,197.5,4344.8
135.0,3945.4,394.5,197.3,4340.0
135.1,3941.0,394.1,197.0,4335.1
135.2,3936.6,393.7,196.8,4330.2
135.3,3932.2,393.2,196.6,4325.4
135.4,3927.8,392.8,196.4,4320.6
135.5,3923.5,392.3,196.2,4315.8
135.6,3919.1,391.9,196.0,4311.1
135.7,3914.8,391.5,195.7,4306.3
135.8,3910.5,391.1,195.5,4301.6
135.9,3906.2,390.6,195.3,4296.9
136.0,3902.0,390.2,195.1,4292.2
136.1,3897.7,389.8,194.9,4287.5
136.2,3893.5,389.3,194.7,4282.8
136.3,3889.3,388.9,194.5,4278.2
136.4,3885.1,388.5,194.3,4273.6
136.5,3880.9,388.1,194.0,4269.0
136.6,3876.7,387.7,193.8,4264.4
136.7,3872.6,387.3,193.6,4259.9
136.8,3868.5,386.8,193.4,4255.3
136.9,3864.4,386.4,193.2,4250.8
137.0,3860.3,386.0,193.0,4246.3
137.1,3856.2,385.6,192.8,4241.8
137.2,3852.1,385.2,192.6,4237.3
137.3,3848.1,384.8,192.4,4232.9
137.4,3844.0,384.4,192.2,4228.5
137.5,3840.0,384.0,192.0,4224.0
137.6,3836.0,383.6,191.8,4219.6
137.7,3832.1,383.2,191.6,4215.3
137.8,3828.1,382.8,191.4,4210.9
137.9,3824.1,382.4,191.2,4206.5
138.0,3820.2,382.0,191.0,4202.2
138.1,3816.3,381.6,190.8,4197.9
138.2,3812.4,381.2,190.6,4193.6
138.3,3808.5,380.8,190.4,4189.3
138.4,3804.6,380.5,190.2,4185.1
138.5,3800.8,380.1,190.0,4180.8
138.6,3796.9,379.7,189.8,4176.6
138.7,3793.1,379.3,189.7,4172.4
138.8,3789.3,378.9,189.5,4168.2
138.9,3785.5,378.5,189.3,4164.0
139.0,3781.7,378.2,189.1,4159.9
139.1,3778.0,377.8,188.9,4155.7
139.2,3774.2,377.4,188.7,4151.6
139.3,3770.5,377.0,188.5,4147.5
139.4,3766.7,376.7,188.3,4143.4
139.5,3763.0,376.3,188.2,4139.3
139.6,3759.4,375.9,188.0,4135.3
139.7,3755.7,375.6,187.8,4131.2
139.8,3752.0,375.2,187.6,4127.2
139.9,3748.4,374.8,187.4,4123.2
140.0,3744.7,374.5,187.2,4119.2
140.1,3741.1,374.1,187.1,4115.2
140.2,3737.5,373.8,186.9,4111.3
140.3,3733.9,373.4,186.7,4107.3
140.4,3730.4,373.0,186.5,4103.4
140.5,3726.8,372.7,186.3,4099.5
140.6,3723.3,372.3,186.2,4095.6
140.7,3719.7,372.0,186.0,4091.7
140.8,3716.2,371.6,185.8,4087.8
140.9,3712.7,371.3,185.6,4084.0
141.0,3709.2,370.9,185.5,4080.1
141.1,3705.7,370.6,185.3,4076.3
141.2,3702.3,370.2,185.1,4072.5
141.3,3698.8,369.9,184.9,4068.7
141.4,3695.4,369.5,184.8,4064.9
141.5,3692.0,369.2,184.6,4061.2
141.6,3688.6,368.9,184.4,4057.4
141.7,3685.2,368.5,184.3,4053.7
141.8,3681.8,368.2,184.1,4050.0
141.9,3678.4,367.8,183.9,4046.3
142.0,3675.1,367.5,183.8,4042.6
142.1,3671.7,367.2,183.6,4038.9
142.2,3668.4,366.8,183.4,4035.3
142.3,3665.1,366.5,183.3,4031.6
142.4,3661.8,366.2,183.1,4028.0
142.5,3658.5,365.9,182.9,4024.4
142.6,3655.2,365.5,182.8,4020.8
142.7,3652.0,365.2,182.6,4017.2
142.8,3648.7,364.9,182.4,4013.6
142.9,3645.5,364.5,182.3,4010.0
143.0,3642.3,364.2,182.1,4006.5
143.1,3639.1,363.9,182.0,4003.0
143.2,3635.9,363.6,181.8,3999.5
143.3,3632.7,363.3,181.6,3996.0
143.4,3629.5,363.0,181.5,3992.5
143.5,3626.4,362.6,181.3,3989.0
143.6,3623.2,362.3,181.2,3985.5
143.7,3620.1,362.0,181.0,3982.1
143.8,3617.0,361.7,180.8,3978.6
143.9,3613.8,361.4,180.7,3975.2
144.0,3610.7,361.1,180.5,3971.8
144.1,3607.7,360.8,180.4,3968.4
144.2,3604.6,360.5,180.2,3965.0
144.3,3601.5,360.2,180.1,3961.7
144.4,3598.5,359.8,179.9,3958.3
144.5,3595.4,359.5,179.8,3955.0
144.6,3592.4,359.2,179.6,3951.7
144.7,3589.4,358.9,179.5,3948.4
144.8,3586.4,358.6,179.3,3945.1
144.9,3583.4,358.3,179.2,3941.8
145.0,3580.4,358.0,179.0,3938.5
145.1,3577.5,357.7,178.9,3935.2
145.2,3574.5,357.5,178.7,3932.0
145.3,3571.6,357.2,178.6,3928.7
145.4,3568.7,356.9,178.4,3925.5
145.5,3565.7,356.6,178.3,3922.3
145.6,3562.8,356.3,178.1,3919.1
145.7,3559.9,356.0,178.0,3915.9
145.8,3557.1,355.7,177.9,3912.8
145.9,3554.2,355.4,177.7,3909.6
146.0,3551.3,355.1,177.6,3906.5
146.1,3548.5,354.8,177.4,3903.3
146.2,3545.6,354.6,177.3,3900.2
146.3,3542.8,354.3,177.1,3897.1
146.4,3540.0,354.0,177.0,3894.0
146.5,3537.2,353.7,176.9,3890.9
146.6,3534.4,353.4,176.7,3887.8
146.7,3531.6,353.2,176.6,3884.8
146.8,3528.8,352.9,176.4,3881.7
146.9,3526.1,352.6,176.3,3878.7
147.0,3523.3,352.3,176.2,3875.7
147.1,3520.6,352.1,176.0,3872.7
147.2,3517.9,351.8,175.9,3869.7
147.3,3515.2,351.5,175.8,3866.7
147.4,3512.4,351.2,175.6,3863.7
147.5,3509.7,351.0,175.5,3860.7
147.6,3507.1,350.7,175.4,3857.8
147.7,3504.4,350.4,175.2,3854.8
147.8,3501.7,350.2,175.1,3851.9
147.9,3499.1,349.9,175.0,3849.0
148.0,3496.4,349.6,174.8,3846.1
148.1,3493.8,349.4,174.7,3843.2
148.2,3491.2,349.1,174.6,3840.3
148.3,3488.6,348.9,174.4,3837.4
148.4,3486.0,348.6,174.3,3834.6
148.5,3483.4,348.3,174.2,3831.7
148.6,3480.8,348.1,174.0,3828.9
148.7,3478.2,347.8,173.9,3826.0
148.8,3475.7,347.6,173.8,3823.2
148.9,3473.1,347.3,173.7,3820.4
149.0,3470.6,347.1,173.5,3817.6
149.1,3468.0,346.8,173.4,3814.9
149.2,3465.5,346.6,173.3,3812.1
149.3,3463.0,346.3,173.2,3809.3
149.4,3460.5,346.1,173.0,3806.6
149.5,3458.0,345.8,172.9,3803.8
149.6,3455.5,345.6,172.8,3801.1
149.7,3453.1,345.3,172.7,3798.4
149.8,3450.6,345.1,172.5,3795.7
149.9,3448.2,344.8,172.4,3793.0
150.0,3445.7,344.6,172.3,3790.3
150.1,3443.3,344.3,172.2,3787.6
150.2,3440.9,344.1,172.0,3785.0
150.3,3438.5,343.8,171.9,3782.3
150.4,3436.1,343.6,171.8,3779.7
150.5,3433.7,343.4,171.7,3777.0
150.6,3431.3,343.1,171.6,3774.4
150.7,3428.9,342.9,171.4,3771.8
150.8,3426.5,342.7,171.3,3769.2
150.9,3424.2,342.4,171.2,3766.6
151.0,3421.8,342.2,171.1,3764.0
151.1,3419.5,342.0,171.0,3761.5
151.2,3417.2,341.7,170.9,3758.9
151.3,3414.9,341.5,170.7,3756.4
151.4,3412.6,341.3,170.6,3753.8
151.5,3410.3,341.0,170.5,3751.3
151.6,3408.0,340.8,170.4,3748.8
151.7,3405.7,340.6,170.3,3746.3
151.8,3403.4,340.3,170.2,3743.8
151.9,3401.2,340.1,170.1,3741.3
152.0,3398.9,339.9,169.9,3738.8
152.1,3396.7,339.7,169.8,3736.3
152.2,3394.4,339.4,169.7,3733.9
152.3,3392.2,339.2,169.6,3731.4
152.4,3390.0,339.0,169.5,3729.0
152.5,3387.8,338.8,169.4,3726.5
152.6,3385.6,338.6,169.3,3724.1
152.7,3383.4,338.3,169.2,3721.7
152.8,3381.2,338.1,169.1,3719.3
152.9,3379.0,337.9,169.0,3716.9
153.0,3376.9,337.7,168.8,3714.5
153.1,3374.7,337.5,168.7,3712.2
153.2,3372.6,337.3,168.6,3709.8
153.3,3370.4,337.0,168.5,3707.5
153.4,3368.3,336.8,168.4,3705.1
153.5,3366.2,336.6,168.3,3702.8
153.6,3364.0,336.4,168.2,3700.5
153.7,3361.9,336.2,168.1,3698.1
153.8,3359.8,336.0,168.0,3695.8
153.9,3357.8,335.8,167.9,3693.5
154.0,3355.7,335.6,167.8,3691.2
154.1,3353.6,335.4,167.7,3689.0
154.2,3351.5,335.2,167.6,3686.7
154.3,3349.5,334.9,167.5,3684.4
154.4,3347.4,334.7,167.4,3682.2
154.5,3345.4,334.5,167.3,3679.9
154.6,3343.4,334.3,167.2,3677.7
154.7,3341.3,334.1,167.1,3675.5
154.8,3339.3,333.9,167.0,3673.3
154.9,3337.3,333.7,166.9,3671.1
155.0,3335.3,333.5,166.8,3668.9
155.1,3333.3,333.3,166.7,3666.7
155.2,3331.4,333.1,166.6,3664.5
155.3,3329.4,332.9,166.5,3662.3
155.4,3327.4,332.7,166.4,3660.2
155.5,3325.5,332.5,166.3,3658.0
155.6,3323.5,332.4,166.2,3655.9
155.7,3321.6,332.2,166.1,3653.7
155.8,3319.6,332.0,166.0,3651.6
155.9,3317.7,331.8,165.9,3649.5
156.0,3315.8,331.6,165.8,3647.4
156.1,3313.9,331.4,165.7,3645.3
156.2,3312.0,331.2,165.6,3643.2
156.3,3310.1,331.0,165.5,3641.1
156.4,3308.2,330.8,165.4,3639.0
156.5,3306.3,330.6,165.3,3636.9
156.6,3304.4,330.4,165.2,3634.9
156.7,3302.6,330.3,165.1,3632.8
156.8,3300.7,330.1,165.0,3630.8
156.9,3298.9,329.9,164.9,3628.8
157.0,3297.0,329.7,164.9,3626.7
157.1,3295.2,329.5,164.8,3624.7
157.2,3293.4,329.3,164.7,3622.7
157.3,3291.5,329.2,164.6,3620.7
157.4,3289.7,329.0,164.5,3618.7
157.5,3287.9,328.8,164.4,3616.7
157.6,3286.1,328.6,164.3,3614.7
157.7,3284.3,328.4,164.2,3612.8
157.8,3282.6,328.3,164.1,3610.8
157.9,3280.8,328.1,164.0,3608.9
158.0,3279.0,327.9,164.0,3606.9
158.1,3277.2,327.7,163.9,3605.0
158.2,3275.5,327.5,163.8,3603.0
158.3,3273.7,327.4,163.7,3601.1
158.4,3272.0,327.2,163.6,3599.2
158.5,3270.3,327.0,163.5,3597.3
158.6,3268.5,326.9,163.4,3595.4
158.7,3266.8,326.7,163.3,3593.5
158.8,3265.1,326.5,163.3,3591.6
158.9,3263.4,326.3,163.2,3589.8
159.0,3261.7,326.2,163.1,3587.9
159.1,3260.0,326.0,163.0,3586.0
159.2,3258.3,325.8,162.9,3584.2
159.3,3256.7,325.7,162.8,3582.3
159.4,3255.0,325.5,162.7,3580.5
159.5,3253.3,325.3,162.7,3578.7
159.6,3251.7,325.2,162.6,3576.8
159.7,3250.0,325.0,162.5,3575.0
159.8,3248.4,324.8,162.4,3573.2
159.9,3246.7,324.7,162.3,3571.4
160.0,3245.1,324.5,162.3,3569.6
160.1,3243.5,324.3,162.2,3567.8
160.2,3241.9,324.2,162.1,3566.1
160.3,3240.3,324.0,162.0,3564.3
160.4,3238.7,323.9,161.9,3562.5
160.5,3237.1,323.7,161.9,3560.8
160.6,3235.5,323.5,161.8,3559.0
160.7,3233.9,323.4,161.7,3557.3
160.8,3232.3,323.2,161.6,3555.6
160.9,3230.8,323.1,161.5,3553.8
161.0,3229.2,322.9,161.5,3552.1
161.1,3227.6,322.8,161.4,3550.4
161.2,3226.1,322.6,161.3,3548.7
161.3,3224.6,322.5,161.2,3547.0
161.4,3223.0,322.3,161.2,3545.3
161.5,3221.5,322.1,161.1,3543.6
161.6,3220.0,322.0,161.0,3542.0
161.7,3218.4,321.8,160.9,3540.3
161.8,3216.9,321.7,160.8,3538.6
161.9,3215.4,321.5,160.8,3537.0
162.0,3213.9,321.4,160.7,3535.3
162.1,3212.4,321.2,160.6,3533.7
162.2,3211.0,321.1,160.5,3532.1
162.3,3209.5,320.9,160.5,3530.4
162.4,3208.0,320.8,160.4,3528.8
162.5,3206.5,320.7,160.3,3527.2
162.6,3205.1,320.5,160.3,3525.6
162.7,3203.6,320.4,160.2,3524.0
162.8,3202.2,320.2,160.1,3522.4
162.9,3200.7,320.1,160.0,3520.8
163.0,3199.3,319.9,160.0,3519.2
163.1,3197.9,319.8,159.9,3517.7
163.2,3196.4,319.6,159.8,3516.1
163.3,3195.0,319.5,159.8,3514.5
163.4,3193.6,319.4,159.7,3513.0
163.5,3192.2,319.2,159.6,3511.4
163.6,3190.8,319.1,159.5,3509.9
163.7,3189.4,318.9,159.5,3508.4
163.8,3188.0,318.8,159.4,3506.8
163.9,3186.6,318.7,159.3,3505.3
164.0,3185.3,318.5,159.3,3503.8
164.1,3183.9,318.4,159.2,3502.3
164.2,3182.5,318.3,159.1,3500.8
164.3,3181.2,318.1,159.1,3499.3
164.4,3179.8,318.0,159.0,3497.8
164.5,3178.5,317.8,158.9,3496.3
164.6,3177.1,317.7,158.9,3494.8
164.7,3175.8,317.6,158.8,3493.4
164.8,3174.5,317.4,158.7,3491.9
164.9,3173.1,317.3,158.7,3490.5
165.0,3171.8,317.2,158.6,3489.0
165.1,3170.5,317.1,158.5,3487.6
165.2,3169.2,316.9,158.5,3486.1
165.3,3167.9,316.8,158.4,3484.7
165.4,3166.6,316.7,158.3,3483.3
165.5,3165.3,316.5,158.3,3481.9
165.6,3164.0,316.4,158.2,3480.4
165.7,3162.8,316.3,158.1,3479.0
165.8,3161.5,316.1,158.1,3477.6
165.9,3160.2,316.0,158.0,3476.2
166.0,3159.0,315.9,157.9,3474.8
166.1,3157.7,315.8,157.9,3473.5
166.2,3156.4,315.6,157.8,3472.1
166.3,3155.2,315.5,157.8,3470.7
166.4,3154.0,315.4,157.7,3469.4
166.5,3152.7,315.3,157.6,3468.0
166.6,3151.5,315.1,157.6,3466.6
166.7,3150.3,315.0,157.5,3465.3
166.8,3149.1,314.9,157.5,3464.0
166.9,3147.8,314.8,157.4,3462.6
167.0,3146.6,314.7,157.3,3461.3
167.1,3145.4,314.5,157.3,3460.0
167.2,3144.2,314.4,157.2,3458.7
167.3,3143.0,314.3,157.2,3457.3
167.4,3141.9,314.2,157.1,3456.0
167.5,3140.7,314.1,157.0,3454.7
167.6,3139.5,313.9,157.0,3453.4
167.7,3138.3,313.8,156.9,3452.2
167.8,3137.2,313.7,156.9,3450.9
167.9,3136.0,313.6,156.8,3449.6
168.0,3134.8,313.5,156.7,3448.3
168.1,3133.7,313.4,156.7,3447.1
168.2,3132.6,313.3,156.6,3445.8
168.3,3131.4,313.1,156.6,3444.6
168.4,3130.3,313.0,156.5,3443.3
168.5,3129.1,312.9,156.5,3442.1
168.6,3128.0,312.8,156.4,3440.8
168.7,3126.9,312.7,156.3,3439.6
168.8,3125.8,312.6,156.3,3438.4
168.9,3124.7,312.5,156.2,3437.1
169.0,3123.6,312.4,156.2,3435.9
169.1,3122.5,312.2,156.1,3434.7
169.2,3121.4,312.1,156.1,3433.5
169.3,3120.3,312.0,156.0,3432.3
169.4,3119.2,311.9,156.0,3431.1
169.5,3118.1,311.8,155.9,3429.9
169.6,3117.1,311.7,155.9,3428.8
169.7,3116.0,311.6,155.8,3427.6
169.8,3114.9,311.5,155.7,3426.4
169.9,3113.9,311.4,155.7,3425.2
170.0,3112.8,311.3,155.6,3424.1
170.1,3111.8,311.2,155.6,3422.9
170.2,3110.7,311.1,155.5,3421.8
170.3,3109.7,311.0,155.5,3420.6
170.4,3108.6,310.9,155.4,3419.5
170.5,3107.6,310.8,155.4,3418.4
170.6,3106.6,310.7,155.3,3417.2
170.7,3105.6,310.6,155.3,3416.1
170.8,3104.5,310.5,155.2,3415.0
170.9,3103.5,310.4,155.2,3413.9
171.0,3102.5,310.3,155.1,3412.8
171.1,3101.5,310.2,155.1,3411.7
171.2,3100.5,310.1,155.0,3410.6
171.3,3099.5,310.0,155.0,3409.5
171.4,3098.5,309.9,154.9,3408.4
171.5,3097.6,309.8,154.9,3407.3
171.6,3096.6,309.7,154.8,3406.2
171.7,3095.6,309.6,154.8,3405.2
171.8,3094.6,309.5,154.7,3404.1
171.9,3093.7,309.4,154.7,3403.0
172.0,3092.7,309.3,154.6,3402.0
172.1,3091.7,309.2,154.6,3400.9
172.2,3090.8,309.1,154.5,3399.9
172.3,3089.8,309.0,154.5,3398.8
172.4,3088.9,308.9,154.4,3397.8
172.5,3088.0,308.8,154.4,3396.8
172.6,3087.0,308.7,154.4,3395.7
172.7,3086.1,308.6,154.3,3394.7
172.8,3085.2,308.5,154.3,3393.7
172.9,3084.3,308.4,154.2,3392.7
173.0,3083.3,308.3,154.2,3391.7
173.1,3082.4,308.2,154.1,3390.7
173.2,3081.5,308.2,154.1,3389.7
173.3,3080.6,308.1,154.0,3388.7
173.4,3079.7,308.0,154.0,3387.7
173.5,3078.8,307.9,153.9,3386.7
173.6,3077.9,307.8,153.9,3385.7
173.7,3077.1,307.7,153.9,3384.8
173.8,3076.2,307.6,153.8,3383.8
173.9,3075.3,307.5,153.8,3382.8
174.0,3074.4,307.4,153.7,3381.9
174.1,3073.6,307.4,153.7,3380.9
174.2,3072.7,307.3,153.6,3380.0
174.3,3071.8,307.2,153.6,3379.0
174.4,3071.0,307.1,153.5,3378.1
174.5,3070.1,307.0,153.5,3377.1
174.6,3069.3,306.9,153.5,3376.2
174.7,3068.4,306.8,153.4,3375.3
174.8,3067.6,306.8,153.4,3374.4
174.9,3066.8,306.7,153.3,3373.4
175.0,3065.9,306.6,153.3,3372.5
175.1,3065.1,306.5,153.3,3371.6
175.2,3064.3,306.4,153.2,3370.7
175.3,3063.5,306.3,153.2,3369.8
175.4,3062.6,306.3,153.1,3368.9
175.5,3061.8,306.2,153.1,3368.0
175.6,3061.0,306.1,153.1,3367.1
175.7,3060.2,306.0,153.0,3366.3
175.8,3059.4,305.9,153.0,3365.4
175.9,3058.6,305.9,152.9,3364.5
176.0,3057.9,305.8,152.9,3363.6
176.1,3057.1,305.7,152.9,3362.8
176.2,3056.3,305.6,152.8,3361.9
176.3,3055.5,305.6,152.8,3361.1
176.4,3054.7,305.5,152.7,3360.2
176.5,3054.0,305.4,152.7,3359.4
176.6,3053.2,305.3,152.7,3358.5
176.7,3052.4,305.2,152.6,3357.7
176.8,3051.7,305.2,152.6,3356.8
176.9,3050.9,305.1,152.5,3356.0
177.0,3050.2,305.0,152.5,3355.2
177.1,3049.4,304.9,152.5,3354.4
177.2,3048.7,304.9,152.4,3353.6
177.3,3047.9,304.8,152.4,3352.7
177.4,3047.2,304.7,152.4,3351.9
177.5,3046.5,304.6,152.3,3351.1
177.6,3045.8,304.6,152.3,3350.3
177.7,3045.0,304.5,152.3,3349.5
177.8,3044.3,304.4,152.2,3348.7
177.9,3043.6,304.4,152.2,3348.0
178.0,3042.9,304.3,152.1,3347.2
178.1,3042.2,304.2,152.1,3346.4
178.2,3041.5,304.1,152.1,3345.6
178.3,3040.8,304.1,152.0,3344.9
178.4,3040.1,304.0,152.0,3344.1
178.5,3039.4,303.9,152.0,3343.3
178.6,3038.7,303.9,151.9,3342.6
178.7,3038.0,303.8,151.9,3341.8
178.8,3037.3,303.7,151.9,3341.1
178.9,3036.7,303.7,151.8,3340.3
179.0,3036.0,303.6,151.8,3339.6
179.1,3035.3,303.5,151.8,3338.8
179.2,3034.6,303.5,151.7,3338.1
179.3,3034.0,303.4,151.7,3337.4
179.4,3033.3,303.3,151.7,3336.7
179.5,3032.7,303.3,151.6,3335.9
179.6,3032.0,303.2,151.6,3335.2
179.7,3031.4,303.1,151.6,3334.5
179.8,3030.7,303.1,151.5,3333.8
179.9,3030.1,303.0,151.5,3333.1
180.0,3029.4,302.9,151.5,3332.4
180.1,3028.8,302.9,151.4,3331.7
180.2,3028.2,302.8,151.4,3331.0
180.3,3027.6,302.8,151.4,3330.3
180.4,3026.9,302.7,151.3,3329.6
180.5,3026.3,302.6,151.3,3328.9
180.6,3025.7,302.6,151.3,3328.3
180.7,3025.1,302.5,151.3,3327.6
180.8,3024.5,302.4,151.2,3326.9
180.9,3023.9,302.4,151.2,3326.3
181.0,3023.3,302.3,151.2,3325.6
181.1,3022.7,302.3,151.1,3324.9
181.2,3022.1,302.2,151.1,3324.3
181.3,3021.5,302.1,151.1,3323.6
181.4,3020.9,302.1,151.0,3323.0
181.5,3020.3,302.0,151.0,3322.3
181.6,3019.7,302.0,151.0,3321.7
181.7,3019.1,301.9,151.0,3321.1
181.8,3018.6,301.9,150.9,3320.4
181.9,3018.0,301.8,150.9,3319.8
182.0,3017.4,301.7,150.9,3319.2
182.1,3016.9,301.7,150.8,3318.6
182.2,3016.3,301.6,150.8,3317.9
182.3,3015.7,301.6,150.8,3317.3
182.4,3015.2,301.5,150.8,3316.7
182.5,3014.6,301.5,150.7,3316.1
182.6,3014.1,301.4,150.7,3315.5
182.7,3013.5,301.4,150.7,3314.9
182.8,3013.0,301.3,150.7,3314.3
182.9,3012.5,301.2,150.6,3313.7
183.0,3011.9,301.2,150.6,3313.1
183.1,3011.4,301.1,150.6,3312.5
183.2,3010.9,301.1,150.5,3312.0
183.3,3010.3,301.0,150.5,3311.4
183.4,3009.8,301.0,150.5,3310.8
183.5,3009.3,300.9,150.5,3310.2
183.6,3008.8,300.9,150.4,3309.7
183.7,3008.3,300.8,150.4,3309.1
183.8,3007.8,300.8,150.4,3308.5
183.9,3007.3,300.7,150.4,3308.0
184.0,3006.8,300.7,150.3,3307.4
184.1,3006.3,300.6,150.3,3306.9
184.2,3005.8,300.6,150.3,3306.3
184.3,3005.3,300.5,150.3,3305.8
184.4,3004.8,300.5,150.2,3305.3
184.5,3004.3,300.4,150.2,3304.7
184.6,3003.8,300.4,150.2,3304.2
184.7,3003.3,300.3,150.2,3303.7
184.8,3002.9,300.3,150.1,3303.1
184.9,3002.4,300.2,150.1,3302.6
185.0,3001.9,300.2,150.1,3302.1
185.1,3001.4,300.1,150.1,3301.6
185.2,3001.0,300.1,150.0,3301.1
185.3,3000.5,300.1,150.0,3300.6
185.4,3000.1,300.0,150.0,3300.1
185.5,2999.6,300.0,150.0,3299.6
185.6,2999.1,299.9,150.0,3299.1
185.7,2998.7,299.9,149.9,3298.6
185.8,2998.3,299.8,149.9,3298.1
185.9,2997.8,299.8,149.9,3297.6
186.0,2997.4,299.7,149.9,3297.1
186.1,2996.9,299.7,149.8,3296.6
186.2,2996.5,299.6,149.8,3296.1
186.3,2996.1,299.6,149.8,3295.7
186.4,2995.6,299.6,149.8,3295.2
186.5,2995.2,299.5,149.8,3294.7
186.6,2994.8,299.5,149.7,3294.3
186.7,2994.4,299.4,149.7,3293.8
186.8,2994.0,299.4,149.7,3293.3
186.9,2993.5,299.4,149.7,3292.9
187.0,2993.1,299.3,149.7,3292.4
187.1,2992.7,299.3,149.6,3292.0
187.2,2992.3,299.2,149.6,3291.5
187.3,2991.9,299.2,149.6,3291.1
187.4,2991.5,299.2,149.6,3290.7
187.5,2991.1,299.1,149.6,3290.2
187.6,2990.7,299.1,149.5,3289.8
187.7,2990.3,299.0,149.5,3289.4
187.8,2989.9,299.0,149.5,3288.9
187.9,2989.6,299.0,149.5,3288.5
188.0,2989.2,298.9,149.5,3288.1
188.1,2988.8,298.9,149.4,3287.7
188.2,2988.4,298.8,149.4,3287.3
188.3,2988.0,298.8,149.4,3286.9
188.4,2987.7,298.8,149.4,3286.4
188.5,2987.3,298.7,149.4,3286.0
188.6,2986.9,298.7,149.3,3285.6
188.7,2986.6,298.7,149.3,3285.2
188.8,2986.2,298.6,149.3,3284.8
188.9,2985.9,298.6,149.3,3284.5
189.0,2985.5,298.6,149.3,3284.1
189.1,2985.2,298.5,149.3,3283.7
189.2,2984.8,298.5,149.2,3283.3
189.3,2984.5,298.4,149.2,3282.9
189.4,2984.1,298.4,149.2,3282.5
189.5,2983.8,298.4,149.2,3282.2
189.6,2983.4,298.3,149.2,3281.8
189.7,2983.1,298.3,149.2,3281.4
189.8,2982.8,298.3,149.1,3281.1
189.9,2982.5,298.2,149.1,3280.7
190.0,2982.1,298.2,149.1,3280.3
190.1,2981.8,298.2,149.1,3280.0
190.2,2981.5,298.1,149.1,3279.6
190.3,2981.2,298.1,149.1,3279.3
190.4,2980.8,298.1,149.0,3278.9
190.5,2980.5,298.1,149.0,3278.6
190.6,2980.2,298.0,149.0,3278.2
190.7,2979.9,298.0,149.0,3277.9
190.8,2979.6,298.0,149.0,3277.6
190.9,2979.3,297.9,149.0,3277.2
191.0,2979.0,297.9,149.0,3276.9
191.1,2978.7,297.9,148.9,3276.6
191.2,2978.4,297.8,148.9,3276.3
191.3,2978.1,297.8,148.9,3275.9
191.4,2977.8,297.8,148.9,3275.6
191.5,2977.5,297.8,148.9,3275.3
191.6,2977.3,297.7,148.9,3275.0
191.7,2977.0,297.7,148.8,3274.7
191.8,2976.7,297.7,148.8,3274.4
191.9,2976.4,297.6,148.8,3274.1
192.0,2976.2,297.6,148.8,3273.8
192.1,2975.9,297.6,148.8,3273.5
192.2,2975.6,297.6,148.8,3273.2
192.3,2975.3,297.5,148.8,3272.9
192.4,2975.1,297.5,148.8,3272.6
192.5,2974.8,297.5,148.7,3272.3
192.6,2974.6,297.5,148.7,3272.0
192.7,2974.3,297.4,148.7,3271.7
192.8,2974.1,297.4,148.7,3271.5
192.9,2973.8,297.4,148.7,3271.2
193.0,2973.6,297.4,148.7,3270.9
193.1,2973.3,297.3,148.7,3270.6
193.2,2973.1,297.3,148.7,3270.4
193.3,2972.8,297.3,148.6,3270.1
193.4,2972.6,297.3,148.6,3269.8
193.5,2972.3,297.2,148.6,3269.6
193.6,2972.1,297.2,148.6,3269.3
193.7,2971.9,297.2,148.6,3269.1
193.8,2971.7,297.2,148.6,3268.8
193.9,2971.4,297.1,148.6,3268.6
194.0,2971.2,297.1,148.6,3268.3
194.1,2971.0,297.1,148.5,3268.1
194.2,2970.8,297.1,148.5,3267.8
194.3,2970.5,297.1,148.5,3267.6
194.4,2970.3,297.0,148.5,3267.4
194.5,2970.1,297.0,148.5,3267.1
194.6,2969.9,297.0,148.5,3266.9
194.7,2969.7,297.0,148.5,3266.7
194.8,2969.5,296.9,148.5,3266.4
194.9,2969.3,296.9,148.5,3266.2
195.0,2969.1,296.9,148.5,3266.0
195.1,2968.9,296.9,148.4,3265.8
195.2,2968.7,296.9,148.4,3265.6
195.3,2968.5,296.9,148.4,3265.4
195.4,2968.3,296.8,148.4,3265.1
195.5,2968.1,296.8,148.4,3264.9
195.6,2967.9,296.8,148.4,3264.7
195.7,2967.8,296.8,148.4,3264.5
195.8,2967.6,296.8,148.4,3264.3
195.9,2967.4,296.7,148.4,3264.1
196.0,2967.2,296.7,148.4,3263.9
196.1,2967.0,296.7,148.4,3263.7
196.2,2966.9,296.7,148.3,3263.6
196.3,2966.7,296.7,148.3,3263.4
196.4,2966.5,296.7,148.3,3263.2
196.5,2966.4,296.6,148.3,3263.0
196.6,2966.2,296.6,148.3,3262.8
196.7,2966.0,296.6,148.3,3262.6
196.8,2965.9,296.6,148.3,3262.5
196.9,2965.7,296.6,148.3,3262.3
197.0,2965.6,296.6,148.3,3262.1
197.1,2965.4,296.5,148.3,3262.0
197.2,2965.3,296.5,148.3,3261.8
197.3,2965.1,296.5,148.3,3261.6
197.4,2965.0,296.5,148.2,3261.5
197.5,2964.8,296.5,148.2,3261.3
197.6,2964.7,296.5,148.2,3261.2
197.7,2964.6,296.5,148.2,3261.0
197.8,2964.4,296.4,148.2,3260.9
197.9,2964.3,296.4,148.2,3260.7
198.0,2964.1,296.4,148.2,3260.6
198.1,2964.0,296.4,148.2,3260.4
198.2,2963.9,296.4,148.2,3260.3
198.3,2963.8,296.4,148.2,3260.1
198.4,2963.6,296.4,148.2,3260.0
198.5,2963.5,296.4,148.2,3259.9
198.6,2963.4,296.3,148.2,3259.7
198.7,2963.3,296.3,148.2,3259.6
198.8,2963.2,296.3,148.2,3259.5
198.9,2963.1,296.3,148.2,3259.4
199.0,2962.9,296.3,148.1,3259.2
199.1,2962.8,296.3,148.1,3259.1
199.2,2962.7,296.3,148.1,3259.0
199.3,2962.6,296.3,148.1,3258.9
199.4,2962.5,296.3,148.1,3258.8
199.5,2962.4,296.2,148.1,3258.7
199.6,2962.3,296.2,148.1,3258.6
199.7,2962.2,296.2,148.1,3258.5
199.8,2962.1,296.2,148.1,3258.3
199.9,2962.0,296.2,148.1,3258.2
